GENERATION_PROJECT,PERIOD,gen_tech,gen_load_zone,gen_energy_source,GenCapacity,GenCapitalCosts,GenFixedOMCosts
Oahu_AES,2020,AES,Oahu,multiple,180,3.13312e+07,1.46776e+07
Oahu_Airport_DSG,2020,Airport_DSG,Oahu,multiple,8,283792,67349.5
Oahu_Airport_DSG,2023,Airport_DSG,Oahu,multiple,8,283792,67349.5
Oahu_Airport_DSG,2025,Airport_DSG,Oahu,multiple,8,283792,67349.5
Oahu_Airport_DSG,2030,Airport_DSG,Oahu,multiple,8,283792,67349.5
Oahu_Airport_DSG,2035,Airport_DSG,Oahu,multiple,8,283792,67349.5
Oahu_Airport_DSG,2040,Airport_DSG,Oahu,multiple,8,283792,67349.5
Oahu_Airport_DSG,2045,Airport_DSG,Oahu,multiple,8,283792,67349.5
Oahu_Airport_DSG,2050,Airport_DSG,Oahu,multiple,8,283792,67349.5
Oahu_Battery_Bulk,2020,Battery_Bulk,Oahu,Battery,0,0,0
Oahu_Battery_Bulk,2023,Battery_Bulk,Oahu,Battery,426.5,1.23802e+07,1.31376e+07
Oahu_Battery_Bulk,2025,Battery_Bulk,Oahu,Battery,598.5,1.66132e+07,1.76296e+07
Oahu_Battery_Bulk,2030,Battery_Bulk,Oahu,Battery,598.5,1.66132e+07,1.76296e+07
Oahu_Battery_Bulk,2035,Battery_Bulk,Oahu,Battery,598.5,1.66132e+07,1.76296e+07
Oahu_Battery_Bulk,2040,Battery_Bulk,Oahu,Battery,618.353,1.08378e+07,1.15009e+07
Oahu_Battery_Bulk,2045,Battery_Bulk,Oahu,Battery,886.587,1.52033e+07,1.61334e+07
Oahu_Battery_Bulk,2050,Battery_Bulk,Oahu,Battery,943.739,1.6062e+07,1.70446e+07
Oahu_Battery_Conting,2020,Battery_Conting,Oahu,Battery,0,0,0
Oahu_Battery_Conting,2023,Battery_Conting,Oahu,Battery,0,0,0
Oahu_Battery_Conting,2025,Battery_Conting,Oahu,Battery,0,0,0
Oahu_Battery_Conting,2030,Battery_Conting,Oahu,Battery,0,0,0
Oahu_Battery_Conting,2035,Battery_Conting,Oahu,Battery,0,0,0
Oahu_Battery_Conting,2040,Battery_Conting,Oahu,Battery,0,0,0
Oahu_Battery_Conting,2045,Battery_Conting,Oahu,Battery,0,0,0
Oahu_Battery_Conting,2050,Battery_Conting,Oahu,Battery,0,0,0
Oahu_Battery_Reg,2020,Battery_Reg,Oahu,Battery,0,0,0
Oahu_Battery_Reg,2023,Battery_Reg,Oahu,Battery,0,0,0
Oahu_Battery_Reg,2025,Battery_Reg,Oahu,Battery,0,0,0
Oahu_Battery_Reg,2030,Battery_Reg,Oahu,Battery,0,0,0
Oahu_Battery_Reg,2035,Battery_Reg,Oahu,Battery,0,0,0
Oahu_Battery_Reg,2040,Battery_Reg,Oahu,Battery,0,0,0
Oahu_Battery_Reg,2045,Battery_Reg,Oahu,Battery,0,0,0
Oahu_Battery_Reg,2050,Battery_Reg,Oahu,Battery,0,0,0
Oahu_CC_152,2020,CC_152,Oahu,multiple,0,0,0
Oahu_CC_152,2023,CC_152,Oahu,multiple,0,0,0
Oahu_CC_152,2025,CC_152,Oahu,multiple,150.586,2.05806e+07,2.81825e+06
Oahu_CC_152,2030,CC_152,Oahu,multiple,150.586,2.05806e+07,2.81825e+06
Oahu_CC_152,2035,CC_152,Oahu,multiple,150.586,2.05806e+07,2.81825e+06
Oahu_CC_152,2040,CC_152,Oahu,multiple,150.586,2.05806e+07,2.81825e+06
Oahu_CC_152,2045,CC_152,Oahu,multiple,150.586,2.05806e+07,2.81825e+06
Oahu_CC_152,2050,CC_152,Oahu,multiple,150.586,2.05806e+07,2.81825e+06
Oahu_CIP_CT,2020,CIP_CT,Oahu,multiple,113,4.00856e+06,1.69497e+06
Oahu_CIP_CT,2023,CIP_CT,Oahu,multiple,113,4.00856e+06,1.69497e+06
Oahu_CIP_CT,2025,CIP_CT,Oahu,multiple,113,4.00856e+06,1.69497e+06
Oahu_CIP_CT,2030,CIP_CT,Oahu,multiple,113,4.00856e+06,1.69497e+06
Oahu_CIP_CT,2035,CIP_CT,Oahu,multiple,113,4.00856e+06,1.69497e+06
Oahu_CIP_CT,2040,CIP_CT,Oahu,multiple,113,4.00856e+06,1.69497e+06
Oahu_CIP_CT,2045,CIP_CT,Oahu,multiple,113,4.00856e+06,1.69497e+06
Oahu_CIP_CT,2050,CIP_CT,Oahu,multiple,113,4.00856e+06,1.69497e+06
Oahu_CentralTrackingPV_PV_01,2020,CentralTrackingPV,Oahu,SUN,27.6,8.94925e+06,670995
Oahu_CentralTrackingPV_PV_01,2023,CentralTrackingPV,Oahu,SUN,27.6,8.94925e+06,670995
Oahu_CentralTrackingPV_PV_01,2025,CentralTrackingPV,Oahu,SUN,27.6,8.94925e+06,670995
Oahu_CentralTrackingPV_PV_01,2030,CentralTrackingPV,Oahu,SUN,272.066,3.48508e+07,3.16233e+06
Oahu_CentralTrackingPV_PV_01,2035,CentralTrackingPV,Oahu,SUN,272.066,3.48508e+07,3.16233e+06
Oahu_CentralTrackingPV_PV_01,2040,CentralTrackingPV,Oahu,SUN,272.066,3.48508e+07,3.16233e+06
Oahu_CentralTrackingPV_PV_01,2045,CentralTrackingPV,Oahu,SUN,272.066,3.48508e+07,3.16233e+06
Oahu_CentralTrackingPV_PV_01,2050,CentralTrackingPV,Oahu,SUN,272.066,2.83175e+07,2.72264e+06
Oahu_CentralTrackingPV_PV_02,2020,CentralTrackingPV,Oahu,SUN,10,2.46817e+06,204018
Oahu_CentralTrackingPV_PV_02,2023,CentralTrackingPV,Oahu,SUN,10,2.46817e+06,204018
Oahu_CentralTrackingPV_PV_02,2025,CentralTrackingPV,Oahu,SUN,10,2.46817e+06,204018
Oahu_CentralTrackingPV_PV_02,2030,CentralTrackingPV,Oahu,SUN,13.8908,2.8791e+06,243669
Oahu_CentralTrackingPV_PV_02,2035,CentralTrackingPV,Oahu,SUN,13.8908,2.8791e+06,243669
Oahu_CentralTrackingPV_PV_02,2040,CentralTrackingPV,Oahu,SUN,13.8908,2.8791e+06,243669
Oahu_CentralTrackingPV_PV_02,2045,CentralTrackingPV,Oahu,SUN,13.8908,2.8791e+06,243669
Oahu_CentralTrackingPV_PV_02,2050,CentralTrackingPV,Oahu,SUN,3.89079,410929,39650.8
Oahu_CentralTrackingPV_PV_03,2020,CentralTrackingPV,Oahu,SUN,1,439648,24311.4
Oahu_CentralTrackingPV_PV_03,2023,CentralTrackingPV,Oahu,SUN,1,439648,24311.4
Oahu_CentralTrackingPV_PV_03,2025,CentralTrackingPV,Oahu,SUN,1,439648,24311.4
Oahu_CentralTrackingPV_PV_03,2030,CentralTrackingPV,Oahu,SUN,1,439648,24311.4
Oahu_CentralTrackingPV_PV_03,2035,CentralTrackingPV,Oahu,SUN,1,439648,24311.4
Oahu_CentralTrackingPV_PV_03,2040,CentralTrackingPV,Oahu,SUN,1,439648,24311.4
Oahu_CentralTrackingPV_PV_03,2045,CentralTrackingPV,Oahu,SUN,0,0,0
Oahu_CentralTrackingPV_PV_03,2050,CentralTrackingPV,Oahu,SUN,0,0,0
Oahu_CentralTrackingPV_PV_04,2020,CentralTrackingPV,Oahu,SUN,10,4.01558e+06,243114
Oahu_CentralTrackingPV_PV_04,2023,CentralTrackingPV,Oahu,SUN,246.035,3.93297e+07,3.68966e+06
Oahu_CentralTrackingPV_PV_04,2025,CentralTrackingPV,Oahu,SUN,246.035,3.93297e+07,3.68966e+06
Oahu_CentralTrackingPV_PV_04,2030,CentralTrackingPV,Oahu,SUN,246.035,3.93297e+07,3.68966e+06
Oahu_CentralTrackingPV_PV_04,2035,CentralTrackingPV,Oahu,SUN,246.035,3.93297e+07,3.68966e+06
Oahu_CentralTrackingPV_PV_04,2040,CentralTrackingPV,Oahu,SUN,246.035,3.93297e+07,3.68966e+06
Oahu_CentralTrackingPV_PV_04,2045,CentralTrackingPV,Oahu,SUN,246.035,3.62234e+07,3.53488e+06
Oahu_CentralTrackingPV_PV_04,2050,CentralTrackingPV,Oahu,SUN,246.035,3.62234e+07,3.53488e+06
Oahu_CentralTrackingPV_PV_05,2020,CentralTrackingPV,Oahu,SUN,20,3.37048e+06,329845
Oahu_CentralTrackingPV_PV_05,2023,CentralTrackingPV,Oahu,SUN,34.1891,5.48879e+06,537032
Oahu_CentralTrackingPV_PV_05,2025,CentralTrackingPV,Oahu,SUN,34.1891,5.48879e+06,537032
Oahu_CentralTrackingPV_PV_05,2030,CentralTrackingPV,Oahu,SUN,34.1891,5.48879e+06,537032
Oahu_CentralTrackingPV_PV_05,2035,CentralTrackingPV,Oahu,SUN,34.1891,5.48879e+06,537032
Oahu_CentralTrackingPV_PV_05,2040,CentralTrackingPV,Oahu,SUN,34.1891,5.48879e+06,537032
Oahu_CentralTrackingPV_PV_05,2045,CentralTrackingPV,Oahu,SUN,34.1891,5.48879e+06,537032
Oahu_CentralTrackingPV_PV_05,2050,CentralTrackingPV,Oahu,SUN,28.2418,3.32683e+06,324954
Oahu_CentralTrackingPV_PV_06,2020,CentralTrackingPV,Oahu,SUN,1,443615,24311.4
Oahu_CentralTrackingPV_PV_06,2023,CentralTrackingPV,Oahu,SUN,1,443615,24311.4
Oahu_CentralTrackingPV_PV_06,2025,CentralTrackingPV,Oahu,SUN,1,443615,24311.4
Oahu_CentralTrackingPV_PV_06,2030,CentralTrackingPV,Oahu,SUN,1,443615,24311.4
Oahu_CentralTrackingPV_PV_06,2035,CentralTrackingPV,Oahu,SUN,1,443615,24311.4
Oahu_CentralTrackingPV_PV_06,2040,CentralTrackingPV,Oahu,SUN,1,443615,24311.4
Oahu_CentralTrackingPV_PV_06,2045,CentralTrackingPV,Oahu,SUN,5.40066,485800,47704.2
Oahu_CentralTrackingPV_PV_06,2050,CentralTrackingPV,Oahu,SUN,5.40066,485800,47704.2
Oahu_CentralTrackingPV_PV_07,2020,CentralTrackingPV,Oahu,SUN,67.1,1.23162e+07,1.15746e+06
Oahu_CentralTrackingPV_PV_07,2023,CentralTrackingPV,Oahu,SUN,67.1,1.23162e+07,1.15746e+06
Oahu_CentralTrackingPV_PV_07,2025,CentralTrackingPV,Oahu,SUN,67.1,1.23162e+07,1.15746e+06
Oahu_CentralTrackingPV_PV_07,2030,CentralTrackingPV,Oahu,SUN,67.1,1.23162e+07,1.15746e+06
Oahu_CentralTrackingPV_PV_07,2035,CentralTrackingPV,Oahu,SUN,67.1,1.23162e+07,1.15746e+06
Oahu_CentralTrackingPV_PV_07,2040,CentralTrackingPV,Oahu,SUN,67.1,1.23162e+07,1.15746e+06
Oahu_CentralTrackingPV_PV_07,2045,CentralTrackingPV,Oahu,SUN,126.497,1.77031e+07,1.68211e+06
Oahu_CentralTrackingPV_PV_07,2050,CentralTrackingPV,Oahu,SUN,317.348,2.75934e+07,2.68639e+06
Oahu_CentralTrackingPV_PV_08,2020,CentralTrackingPV,Oahu,SUN,0,0,0
Oahu_CentralTrackingPV_PV_08,2023,CentralTrackingPV,Oahu,SUN,0,0,0
Oahu_CentralTrackingPV_PV_08,2025,CentralTrackingPV,Oahu,SUN,0,0,0
Oahu_CentralTrackingPV_PV_08,2030,CentralTrackingPV,Oahu,SUN,0,0,0
Oahu_CentralTrackingPV_PV_08,2035,CentralTrackingPV,Oahu,SUN,0,0,0
Oahu_CentralTrackingPV_PV_08,2040,CentralTrackingPV,Oahu,SUN,0,0,0
Oahu_CentralTrackingPV_PV_08,2045,CentralTrackingPV,Oahu,SUN,0,0,0
Oahu_CentralTrackingPV_PV_08,2050,CentralTrackingPV,Oahu,SUN,0,0,0
Oahu_CentralTrackingPV_PV_09,2020,CentralTrackingPV,Oahu,SUN,0,0,0
Oahu_CentralTrackingPV_PV_09,2023,CentralTrackingPV,Oahu,SUN,0,0,0
Oahu_CentralTrackingPV_PV_09,2025,CentralTrackingPV,Oahu,SUN,0,0,0
Oahu_CentralTrackingPV_PV_09,2030,CentralTrackingPV,Oahu,SUN,0,0,0
Oahu_CentralTrackingPV_PV_09,2035,CentralTrackingPV,Oahu,SUN,0,0,0
Oahu_CentralTrackingPV_PV_09,2040,CentralTrackingPV,Oahu,SUN,0,0,0
Oahu_CentralTrackingPV_PV_09,2045,CentralTrackingPV,Oahu,SUN,0,0,0
Oahu_CentralTrackingPV_PV_09,2050,CentralTrackingPV,Oahu,SUN,81.3139,7.13933e+06,681443
Oahu_CentralTrackingPV_PV_10,2020,CentralTrackingPV,Oahu,SUN,0,0,0
Oahu_CentralTrackingPV_PV_10,2023,CentralTrackingPV,Oahu,SUN,0,0,0
Oahu_CentralTrackingPV_PV_10,2025,CentralTrackingPV,Oahu,SUN,0,0,0
Oahu_CentralTrackingPV_PV_10,2030,CentralTrackingPV,Oahu,SUN,0,0,0
Oahu_CentralTrackingPV_PV_10,2035,CentralTrackingPV,Oahu,SUN,100.847,1.01667e+07,982081
Oahu_CentralTrackingPV_PV_10,2040,CentralTrackingPV,Oahu,SUN,174.975,1.72983e+07,1.6704e+06
Oahu_CentralTrackingPV_PV_10,2045,CentralTrackingPV,Oahu,SUN,1168.59,1.08316e+08,1.0447e+07
Oahu_CentralTrackingPV_PV_10,2050,CentralTrackingPV,Oahu,SUN,1248.96,1.15308e+08,1.11206e+07
Oahu_CentralTrackingPV_PV_11,2020,CentralTrackingPV,Oahu,SUN,49,8.33343e+06,808121
Oahu_CentralTrackingPV_PV_11,2023,CentralTrackingPV,Oahu,SUN,49,8.33343e+06,808121
Oahu_CentralTrackingPV_PV_11,2025,CentralTrackingPV,Oahu,SUN,143.852,2.14247e+07,2.0736e+06
Oahu_CentralTrackingPV_PV_11,2030,CentralTrackingPV,Oahu,SUN,346.392,4.28866e+07,4.13767e+06
Oahu_CentralTrackingPV_PV_11,2035,CentralTrackingPV,Oahu,SUN,346.392,4.28866e+07,4.13767e+06
Oahu_CentralTrackingPV_PV_11,2040,CentralTrackingPV,Oahu,SUN,346.392,4.28866e+07,4.13767e+06
Oahu_CentralTrackingPV_PV_11,2045,CentralTrackingPV,Oahu,SUN,346.392,4.28866e+07,4.13767e+06
Oahu_CentralTrackingPV_PV_11,2050,CentralTrackingPV,Oahu,SUN,346.392,3.88429e+07,3.74019e+06
Oahu_CentralTrackingPV_PV_12,2020,CentralTrackingPV,Oahu,SUN,0,0,0
Oahu_CentralTrackingPV_PV_12,2023,CentralTrackingPV,Oahu,SUN,14.7763,2.23398e+06,215761
Oahu_CentralTrackingPV_PV_12,2025,CentralTrackingPV,Oahu,SUN,246.924,3.43553e+07,3.31299e+06
Oahu_CentralTrackingPV_PV_12,2030,CentralTrackingPV,Oahu,SUN,246.924,3.43553e+07,3.31299e+06
Oahu_CentralTrackingPV_PV_12,2035,CentralTrackingPV,Oahu,SUN,246.924,3.43553e+07,3.31299e+06
Oahu_CentralTrackingPV_PV_12,2040,CentralTrackingPV,Oahu,SUN,246.924,3.43553e+07,3.31299e+06
Oahu_CentralTrackingPV_PV_12,2045,CentralTrackingPV,Oahu,SUN,246.924,3.43553e+07,3.31299e+06
Oahu_CentralTrackingPV_PV_12,2050,CentralTrackingPV,Oahu,SUN,246.924,3.43553e+07,3.31299e+06
Oahu_CentralTrackingPV_PV_13,2020,CentralTrackingPV,Oahu,SUN,0,0,0
Oahu_CentralTrackingPV_PV_13,2023,CentralTrackingPV,Oahu,SUN,0,0,0
Oahu_CentralTrackingPV_PV_13,2025,CentralTrackingPV,Oahu,SUN,0,0,0
Oahu_CentralTrackingPV_PV_13,2030,CentralTrackingPV,Oahu,SUN,343.693,3.6505e+07,3.50256e+06
Oahu_CentralTrackingPV_PV_13,2035,CentralTrackingPV,Oahu,SUN,484.314,5.07933e+07,4.87197e+06
Oahu_CentralTrackingPV_PV_13,2040,CentralTrackingPV,Oahu,SUN,489.409,5.12875e+07,4.91928e+06
Oahu_CentralTrackingPV_PV_13,2045,CentralTrackingPV,Oahu,SUN,489.409,5.12875e+07,4.91928e+06
Oahu_CentralTrackingPV_PV_13,2050,CentralTrackingPV,Oahu,SUN,489.409,5.12875e+07,4.91928e+06
Oahu_CentralTrackingPV_PV_14,2020,CentralTrackingPV,Oahu,SUN,0,0,0
Oahu_CentralTrackingPV_PV_14,2023,CentralTrackingPV,Oahu,SUN,0,0,0
Oahu_CentralTrackingPV_PV_14,2025,CentralTrackingPV,Oahu,SUN,0,0,0
Oahu_CentralTrackingPV_PV_14,2030,CentralTrackingPV,Oahu,SUN,0,0,0
Oahu_CentralTrackingPV_PV_14,2035,CentralTrackingPV,Oahu,SUN,0,0,0
Oahu_CentralTrackingPV_PV_14,2040,CentralTrackingPV,Oahu,SUN,0,0,0
Oahu_CentralTrackingPV_PV_14,2045,CentralTrackingPV,Oahu,SUN,0,0,0
Oahu_CentralTrackingPV_PV_14,2050,CentralTrackingPV,Oahu,SUN,59.8183,5.2084e+06,501302
Oahu_CentralTrackingPV_PV_15,2020,CentralTrackingPV,Oahu,SUN,0,0,0
Oahu_CentralTrackingPV_PV_15,2023,CentralTrackingPV,Oahu,SUN,0,0,0
Oahu_CentralTrackingPV_PV_15,2025,CentralTrackingPV,Oahu,SUN,0,0,0
Oahu_CentralTrackingPV_PV_15,2030,CentralTrackingPV,Oahu,SUN,0,0,0
Oahu_CentralTrackingPV_PV_15,2035,CentralTrackingPV,Oahu,SUN,0,0,0
Oahu_CentralTrackingPV_PV_15,2040,CentralTrackingPV,Oahu,SUN,0,0,0
Oahu_CentralTrackingPV_PV_15,2045,CentralTrackingPV,Oahu,SUN,0,0,0
Oahu_CentralTrackingPV_PV_15,2050,CentralTrackingPV,Oahu,SUN,0,0,0
Oahu_CentralTrackingPV_PV_16,2020,CentralTrackingPV,Oahu,SUN,0,0,0
Oahu_CentralTrackingPV_PV_16,2023,CentralTrackingPV,Oahu,SUN,0,0,0
Oahu_CentralTrackingPV_PV_16,2025,CentralTrackingPV,Oahu,SUN,0,0,0
Oahu_CentralTrackingPV_PV_16,2030,CentralTrackingPV,Oahu,SUN,0,0,0
Oahu_CentralTrackingPV_PV_16,2035,CentralTrackingPV,Oahu,SUN,98.5992,9.91024e+06,960188
Oahu_CentralTrackingPV_PV_16,2040,CentralTrackingPV,Oahu,SUN,254.377,2.48502e+07,2.40669e+06
Oahu_CentralTrackingPV_PV_16,2045,CentralTrackingPV,Oahu,SUN,254.377,2.48502e+07,2.40669e+06
Oahu_CentralTrackingPV_PV_16,2050,CentralTrackingPV,Oahu,SUN,254.377,2.48502e+07,2.40669e+06
Oahu_CentralTrackingPV_PV_17,2020,CentralTrackingPV,Oahu,SUN,0,0,0
Oahu_CentralTrackingPV_PV_17,2023,CentralTrackingPV,Oahu,SUN,0,0,0
Oahu_CentralTrackingPV_PV_17,2025,CentralTrackingPV,Oahu,SUN,0,0,0
Oahu_CentralTrackingPV_PV_17,2030,CentralTrackingPV,Oahu,SUN,0,0,0
Oahu_CentralTrackingPV_PV_17,2035,CentralTrackingPV,Oahu,SUN,0,0,0
Oahu_CentralTrackingPV_PV_17,2040,CentralTrackingPV,Oahu,SUN,0,0,0
Oahu_CentralTrackingPV_PV_17,2045,CentralTrackingPV,Oahu,SUN,8.01187,734448,70769.1
Oahu_CentralTrackingPV_PV_17,2050,CentralTrackingPV,Oahu,SUN,8.01187,734448,70769.1
Oahu_CentralTrackingPV_PV_18,2020,CentralTrackingPV,Oahu,SUN,0,0,0
Oahu_CentralTrackingPV_PV_18,2023,CentralTrackingPV,Oahu,SUN,0,0,0
Oahu_CentralTrackingPV_PV_18,2025,CentralTrackingPV,Oahu,SUN,0,0,0
Oahu_CentralTrackingPV_PV_18,2030,CentralTrackingPV,Oahu,SUN,0,0,0
Oahu_CentralTrackingPV_PV_18,2035,CentralTrackingPV,Oahu,SUN,0,0,0
Oahu_CentralTrackingPV_PV_18,2040,CentralTrackingPV,Oahu,SUN,0,0,0
Oahu_CentralTrackingPV_PV_18,2045,CentralTrackingPV,Oahu,SUN,0,0,0
Oahu_CentralTrackingPV_PV_18,2050,CentralTrackingPV,Oahu,SUN,0,0,0
Oahu_DistBattery,2020,DistBattery,Oahu,Battery,38.097,1.35828e+06,1.44138e+06
Oahu_DistBattery,2023,DistBattery,Oahu,Battery,63.893,2.10707e+06,2.23598e+06
Oahu_DistBattery,2025,DistBattery,Oahu,Battery,72.167,2.3107e+06,2.45206e+06
Oahu_DistBattery,2030,DistBattery,Oahu,Battery,105.554,2.97947e+06,3.16174e+06
Oahu_DistBattery,2035,DistBattery,Oahu,Battery,150.443,3.17957e+06,3.37409e+06
Oahu_DistBattery,2040,DistBattery,Oahu,Battery,199.165,3.67824e+06,3.90327e+06
Oahu_DistBattery,2045,DistBattery,Oahu,Battery,250.288,4.38488e+06,4.65313e+06
Oahu_DistBattery,2050,DistBattery,Oahu,Battery,250.288,4.0732e+06,4.32239e+06
Oahu_FlatDistPV_Oahu_FlatDistPV_0,2020,FlatDistPV,Oahu,SUN,0,0,0
Oahu_FlatDistPV_Oahu_FlatDistPV_0,2023,FlatDistPV,Oahu,SUN,0,0,0
Oahu_FlatDistPV_Oahu_FlatDistPV_0,2025,FlatDistPV,Oahu,SUN,0,0,0
Oahu_FlatDistPV_Oahu_FlatDistPV_0,2030,FlatDistPV,Oahu,SUN,0,0,0
Oahu_FlatDistPV_Oahu_FlatDistPV_0,2035,FlatDistPV,Oahu,SUN,0,0,0
Oahu_FlatDistPV_Oahu_FlatDistPV_0,2040,FlatDistPV,Oahu,SUN,0,0,0
Oahu_FlatDistPV_Oahu_FlatDistPV_0,2045,FlatDistPV,Oahu,SUN,0,0,0
Oahu_FlatDistPV_Oahu_FlatDistPV_0,2050,FlatDistPV,Oahu,SUN,0,0,0
Oahu_FlatDistPV_Oahu_FlatDistPV_1,2020,FlatDistPV,Oahu,SUN,75.1204,2.04111e+07,637667
Oahu_FlatDistPV_Oahu_FlatDistPV_1,2023,FlatDistPV,Oahu,SUN,75.1204,2.04111e+07,637667
Oahu_FlatDistPV_Oahu_FlatDistPV_1,2025,FlatDistPV,Oahu,SUN,75.1204,2.04111e+07,637667
Oahu_FlatDistPV_Oahu_FlatDistPV_1,2030,FlatDistPV,Oahu,SUN,75.1204,2.04111e+07,637667
Oahu_FlatDistPV_Oahu_FlatDistPV_1,2035,FlatDistPV,Oahu,SUN,75.1204,2.04111e+07,637667
Oahu_FlatDistPV_Oahu_FlatDistPV_1,2040,FlatDistPV,Oahu,SUN,75.1204,2.04111e+07,637667
Oahu_FlatDistPV_Oahu_FlatDistPV_1,2045,FlatDistPV,Oahu,SUN,88.5861,1.75451e+07,844551
Oahu_FlatDistPV_Oahu_FlatDistPV_1,2050,FlatDistPV,Oahu,SUN,35.4462,3.69363e+06,225024
Oahu_FlatDistPV_Oahu_FlatDistPV_2,2020,FlatDistPV,Oahu,SUN,295.58,8.03127e+07,2.50906e+06
Oahu_FlatDistPV_Oahu_FlatDistPV_2,2023,FlatDistPV,Oahu,SUN,367.093,9.37158e+07,3.3256e+06
Oahu_FlatDistPV_Oahu_FlatDistPV_2,2025,FlatDistPV,Oahu,SUN,414.502,1.01783e+08,3.81708e+06
Oahu_FlatDistPV_Oahu_FlatDistPV_2,2030,FlatDistPV,Oahu,SUN,472.321,1.09127e+08,4.26452e+06
Oahu_FlatDistPV_Oahu_FlatDistPV_2,2035,FlatDistPV,Oahu,SUN,472.321,1.09127e+08,4.26452e+06
Oahu_FlatDistPV_Oahu_FlatDistPV_2,2040,FlatDistPV,Oahu,SUN,472.321,1.09127e+08,4.26452e+06
Oahu_FlatDistPV_Oahu_FlatDistPV_2,2045,FlatDistPV,Oahu,SUN,692.335,1.15362e+08,6.1454e+06
Oahu_FlatDistPV_Oahu_FlatDistPV_2,2050,FlatDistPV,Oahu,SUN,692.335,8.12354e+07,4.94904e+06
Oahu_FlatDistPV_Oahu_FlatDistPV_3,2020,FlatDistPV,Oahu,SUN,0,0,0
Oahu_FlatDistPV_Oahu_FlatDistPV_3,2023,FlatDistPV,Oahu,SUN,0,0,0
Oahu_FlatDistPV_Oahu_FlatDistPV_3,2025,FlatDistPV,Oahu,SUN,0,0,0
Oahu_FlatDistPV_Oahu_FlatDistPV_3,2030,FlatDistPV,Oahu,SUN,83.9105,1.06585e+07,649336
Oahu_FlatDistPV_Oahu_FlatDistPV_3,2035,FlatDistPV,Oahu,SUN,246.084,3.00589e+07,1.83125e+06
Oahu_FlatDistPV_Oahu_FlatDistPV_3,2040,FlatDistPV,Oahu,SUN,411.418,4.86151e+07,2.96174e+06
Oahu_FlatDistPV_Oahu_FlatDistPV_3,2045,FlatDistPV,Oahu,SUN,537.844,6.18698e+07,3.76924e+06
Oahu_FlatDistPV_Oahu_FlatDistPV_3,2050,FlatDistPV,Oahu,SUN,537.844,6.18698e+07,3.76924e+06
Oahu_H-Power,2020,H-Power,Oahu,MSW,73,1.24179e+07,5.95259e+06
Oahu_H-Power,2023,H-Power,Oahu,MSW,73,1.24179e+07,5.95259e+06
Oahu_H-Power,2025,H-Power,Oahu,MSW,73,1.24179e+07,5.95259e+06
Oahu_H-Power,2030,H-Power,Oahu,MSW,73,1.24179e+07,5.95259e+06
Oahu_H-Power,2035,H-Power,Oahu,MSW,73,1.24179e+07,5.95259e+06
Oahu_H-Power,2040,H-Power,Oahu,MSW,73,1.24179e+07,5.95259e+06
Oahu_H-Power,2045,H-Power,Oahu,MSW,73,1.24179e+07,5.95259e+06
Oahu_H-Power,2050,H-Power,Oahu,MSW,73,1.24179e+07,5.95259e+06
Oahu_Hawaii_Cogen,2020,Hawaii_Cogen,Oahu,multiple,12.2,415881,230896
Oahu_Hawaii_Cogen,2023,Hawaii_Cogen,Oahu,multiple,12.2,415881,230896
Oahu_Hawaii_Cogen,2025,Hawaii_Cogen,Oahu,multiple,12.2,415881,230896
Oahu_Hawaii_Cogen,2030,Hawaii_Cogen,Oahu,multiple,12.2,415881,230896
Oahu_Hawaii_Cogen,2035,Hawaii_Cogen,Oahu,multiple,12.2,415881,230896
Oahu_Hawaii_Cogen,2040,Hawaii_Cogen,Oahu,multiple,12.2,415881,230896
Oahu_IC_Barge,2020,IC_Barge,Oahu,multiple,0,0,0
Oahu_IC_Barge,2023,IC_Barge,Oahu,multiple,0,0,0
Oahu_IC_Barge,2025,IC_Barge,Oahu,multiple,0,0,0
Oahu_IC_Barge,2030,IC_Barge,Oahu,multiple,0,0,0
Oahu_IC_Barge,2035,IC_Barge,Oahu,multiple,0,0,0
Oahu_IC_Barge,2040,IC_Barge,Oahu,multiple,0,0,0
Oahu_IC_Barge,2045,IC_Barge,Oahu,multiple,0,0,0
Oahu_IC_Barge,2050,IC_Barge,Oahu,multiple,16.7864,1.95917e+06,626143
Oahu_IC_MCBH,2020,IC_MCBH,Oahu,multiple,0,0,0
Oahu_IC_MCBH,2023,IC_MCBH,Oahu,multiple,0,0,0
Oahu_IC_MCBH,2025,IC_MCBH,Oahu,multiple,0,0,0
Oahu_IC_MCBH,2030,IC_MCBH,Oahu,multiple,0,0,0
Oahu_IC_MCBH,2035,IC_MCBH,Oahu,multiple,0,0,0
Oahu_IC_MCBH,2040,IC_MCBH,Oahu,multiple,0,0,0
Oahu_IC_MCBH,2045,IC_MCBH,Oahu,multiple,0,0,0
Oahu_IC_MCBH,2050,IC_MCBH,Oahu,multiple,0,0,0
Oahu_IC_Schofield,2020,IC_Schofield,Oahu,multiple,48.84,1.06045e+07,1.82176e+06
Oahu_IC_Schofield,2023,IC_Schofield,Oahu,multiple,48.84,1.06045e+07,1.82176e+06
Oahu_IC_Schofield,2025,IC_Schofield,Oahu,multiple,48.84,1.06045e+07,1.82176e+06
Oahu_IC_Schofield,2030,IC_Schofield,Oahu,multiple,48.84,1.06045e+07,1.82176e+06
Oahu_IC_Schofield,2035,IC_Schofield,Oahu,multiple,48.84,1.06045e+07,1.82176e+06
Oahu_IC_Schofield,2040,IC_Schofield,Oahu,multiple,48.84,1.06045e+07,1.82176e+06
Oahu_IC_Schofield,2045,IC_Schofield,Oahu,multiple,48.84,1.06045e+07,1.82176e+06
Oahu_IC_Schofield,2050,IC_Schofield,Oahu,multiple,0,0,0
Oahu_Kahe_1,2020,Kahe_1,Oahu,multiple,82.1,2.8724e+06,876087
Oahu_Kahe_1,2023,Kahe_1,Oahu,multiple,82.1,2.8724e+06,876087
Oahu_Kahe_1,2025,Kahe_1,Oahu,multiple,82.1,2.8724e+06,876087
Oahu_Kahe_1,2030,Kahe_1,Oahu,multiple,82.1,2.8724e+06,876087
Oahu_Kahe_2,2020,Kahe_2,Oahu,multiple,82.1,2.87504e+06,876087
Oahu_Kahe_2,2023,Kahe_2,Oahu,multiple,82.1,2.87504e+06,876087
Oahu_Kahe_2,2025,Kahe_2,Oahu,multiple,82.1,2.87504e+06,876087
Oahu_Kahe_2,2030,Kahe_2,Oahu,multiple,82.1,2.87504e+06,876087
Oahu_Kahe_3,2020,Kahe_3,Oahu,multiple,86.1,3.02117e+06,918771
Oahu_Kahe_3,2023,Kahe_3,Oahu,multiple,86.1,3.02117e+06,918771
Oahu_Kahe_3,2025,Kahe_3,Oahu,multiple,86.1,3.02117e+06,918771
Oahu_Kahe_3,2030,Kahe_3,Oahu,multiple,86.1,3.02117e+06,918771
Oahu_Kahe_3,2035,Kahe_3,Oahu,multiple,86.1,3.02117e+06,918771
Oahu_Kahe_4,2020,Kahe_4,Oahu,multiple,85.3,2.99987e+06,910234
Oahu_Kahe_4,2023,Kahe_4,Oahu,multiple,85.3,2.99987e+06,910234
Oahu_Kahe_4,2025,Kahe_4,Oahu,multiple,85.3,2.99987e+06,910234
Oahu_Kahe_4,2030,Kahe_4,Oahu,multiple,85.3,2.99987e+06,910234
Oahu_Kahe_4,2035,Kahe_4,Oahu,multiple,85.3,2.99987e+06,910234
Oahu_Kahe_5,2020,Kahe_5,Oahu,multiple,134.3,4.70301e+06,1.43311e+06
Oahu_Kahe_5,2023,Kahe_5,Oahu,multiple,134.3,4.70301e+06,1.43311e+06
Oahu_Kahe_5,2025,Kahe_5,Oahu,multiple,134.3,4.70301e+06,1.43311e+06
Oahu_Kahe_5,2030,Kahe_5,Oahu,multiple,134.3,4.70301e+06,1.43311e+06
Oahu_Kahe_5,2035,Kahe_5,Oahu,multiple,134.3,4.70301e+06,1.43311e+06
Oahu_Kahe_5,2040,Kahe_5,Oahu,multiple,134.3,4.70301e+06,1.43311e+06
Oahu_Kahe_6,2020,Kahe_6,Oahu,multiple,134.4,4.7453e+06,1.43418e+06
Oahu_Kahe_6,2023,Kahe_6,Oahu,multiple,134.4,4.7453e+06,1.43418e+06
Oahu_Kahe_6,2025,Kahe_6,Oahu,multiple,134.4,4.7453e+06,1.43418e+06
Oahu_Kahe_6,2030,Kahe_6,Oahu,multiple,134.4,4.7453e+06,1.43418e+06
Oahu_Kahe_6,2035,Kahe_6,Oahu,multiple,134.4,4.7453e+06,1.43418e+06
Oahu_Kahe_6,2040,Kahe_6,Oahu,multiple,134.4,4.7453e+06,1.43418e+06
Oahu_Kalaeloa_CC1,2020,Kalaeloa_CC1,Oahu,multiple,90,3.82175e+06,4.13148e+06
Oahu_Kalaeloa_CC1,2023,Kalaeloa_CC1,Oahu,multiple,90,3.82175e+06,4.13148e+06
Oahu_Kalaeloa_CC1,2025,Kalaeloa_CC1,Oahu,multiple,90,3.82175e+06,4.13148e+06
Oahu_Kalaeloa_CC1,2030,Kalaeloa_CC1,Oahu,multiple,90,3.82175e+06,4.13148e+06
Oahu_Kalaeloa_CC1,2035,Kalaeloa_CC1,Oahu,multiple,90,3.82175e+06,4.13148e+06
Oahu_Kalaeloa_CC1,2040,Kalaeloa_CC1,Oahu,multiple,90,3.82175e+06,4.13148e+06
Oahu_Kalaeloa_CC1,2045,Kalaeloa_CC1,Oahu,multiple,90,3.82175e+06,4.13148e+06
Oahu_Kalaeloa_CC1,2050,Kalaeloa_CC1,Oahu,multiple,90,3.82175e+06,4.13148e+06
Oahu_Kalaeloa_CC2,2020,Kalaeloa_CC2,Oahu,multiple,90,3.83209e+06,4.13148e+06
Oahu_Kalaeloa_CC2,2023,Kalaeloa_CC2,Oahu,multiple,90,3.83209e+06,4.13148e+06
Oahu_Kalaeloa_CC2,2025,Kalaeloa_CC2,Oahu,multiple,90,3.83209e+06,4.13148e+06
Oahu_Kalaeloa_CC2,2030,Kalaeloa_CC2,Oahu,multiple,90,3.83209e+06,4.13148e+06
Oahu_Kalaeloa_CC2,2035,Kalaeloa_CC2,Oahu,multiple,90,3.83209e+06,4.13148e+06
Oahu_Kalaeloa_CC2,2040,Kalaeloa_CC2,Oahu,multiple,90,3.83209e+06,4.13148e+06
Oahu_Kalaeloa_CC2,2045,Kalaeloa_CC2,Oahu,multiple,90,3.83209e+06,4.13148e+06
Oahu_Kalaeloa_CC2,2050,Kalaeloa_CC2,Oahu,multiple,90,3.83209e+06,4.13148e+06
Oahu_Kalaeloa_CC3,2020,Kalaeloa_CC3,Oahu,multiple,28,1.19221e+06,1.28535e+06
Oahu_Kalaeloa_CC3,2023,Kalaeloa_CC3,Oahu,multiple,28,1.19221e+06,1.28535e+06
Oahu_Kalaeloa_CC3,2025,Kalaeloa_CC3,Oahu,multiple,28,1.19221e+06,1.28535e+06
Oahu_Kalaeloa_CC3,2030,Kalaeloa_CC3,Oahu,multiple,28,1.19221e+06,1.28535e+06
Oahu_Kalaeloa_CC3,2035,Kalaeloa_CC3,Oahu,multiple,28,1.19221e+06,1.28535e+06
Oahu_Kalaeloa_CC3,2040,Kalaeloa_CC3,Oahu,multiple,28,1.19221e+06,1.28535e+06
Oahu_Kalaeloa_CC3,2045,Kalaeloa_CC3,Oahu,multiple,28,1.19221e+06,1.28535e+06
Oahu_Kalaeloa_CC3,2050,Kalaeloa_CC3,Oahu,multiple,28,1.19221e+06,1.28535e+06
Oahu_OffshoreWind_OffWind,2020,OffshoreWind,Oahu,WND,0,0,0
Oahu_OffshoreWind_OffWind,2023,OffshoreWind,Oahu,WND,0,0,0
Oahu_OffshoreWind_OffWind,2025,OffshoreWind,Oahu,WND,0,0,0
Oahu_OffshoreWind_OffWind,2030,OffshoreWind,Oahu,WND,0,0,0
Oahu_OffshoreWind_OffWind,2035,OffshoreWind,Oahu,WND,0,0,0
Oahu_OffshoreWind_OffWind,2040,OffshoreWind,Oahu,WND,0,0,0
Oahu_OffshoreWind_OffWind,2045,OffshoreWind,Oahu,WND,0,0,0
Oahu_OffshoreWind_OffWind,2050,OffshoreWind,Oahu,WND,0,0,0
Oahu_OnshoreWind_OnWind_101,2020,OnshoreWind,Oahu,WND,0,0,0
Oahu_OnshoreWind_OnWind_101,2023,OnshoreWind,Oahu,WND,0,0,0
Oahu_OnshoreWind_OnWind_101,2025,OnshoreWind,Oahu,WND,0,0,0
Oahu_OnshoreWind_OnWind_101,2030,OnshoreWind,Oahu,WND,0,0,0
Oahu_OnshoreWind_OnWind_101,2035,OnshoreWind,Oahu,WND,0,0,0
Oahu_OnshoreWind_OnWind_101,2040,OnshoreWind,Oahu,WND,0,0,0
Oahu_OnshoreWind_OnWind_101,2045,OnshoreWind,Oahu,WND,0,0,0
Oahu_OnshoreWind_OnWind_101,2050,OnshoreWind,Oahu,WND,0,0,0
Oahu_OnshoreWind_OnWind_102,2020,OnshoreWind,Oahu,WND,0,0,0
Oahu_OnshoreWind_OnWind_102,2023,OnshoreWind,Oahu,WND,0,0,0
Oahu_OnshoreWind_OnWind_102,2025,OnshoreWind,Oahu,WND,0,0,0
Oahu_OnshoreWind_OnWind_102,2030,OnshoreWind,Oahu,WND,0,0,0
Oahu_OnshoreWind_OnWind_102,2035,OnshoreWind,Oahu,WND,0,0,0
Oahu_OnshoreWind_OnWind_102,2040,OnshoreWind,Oahu,WND,0,0,0
Oahu_OnshoreWind_OnWind_102,2045,OnshoreWind,Oahu,WND,0,0,0
Oahu_OnshoreWind_OnWind_102,2050,OnshoreWind,Oahu,WND,0,0,0
Oahu_OnshoreWind_OnWind_103,2020,OnshoreWind,Oahu,WND,0,0,0
Oahu_OnshoreWind_OnWind_103,2023,OnshoreWind,Oahu,WND,0,0,0
Oahu_OnshoreWind_OnWind_103,2025,OnshoreWind,Oahu,WND,0,0,0
Oahu_OnshoreWind_OnWind_103,2030,OnshoreWind,Oahu,WND,0,0,0
Oahu_OnshoreWind_OnWind_103,2035,OnshoreWind,Oahu,WND,0,0,0
Oahu_OnshoreWind_OnWind_103,2040,OnshoreWind,Oahu,WND,0,0,0
Oahu_OnshoreWind_OnWind_103,2045,OnshoreWind,Oahu,WND,0,0,0
Oahu_OnshoreWind_OnWind_103,2050,OnshoreWind,Oahu,WND,0,0,0
Oahu_OnshoreWind_OnWind_104,2020,OnshoreWind,Oahu,WND,0,0,0
Oahu_OnshoreWind_OnWind_104,2023,OnshoreWind,Oahu,WND,0,0,0
Oahu_OnshoreWind_OnWind_104,2025,OnshoreWind,Oahu,WND,0,0,0
Oahu_OnshoreWind_OnWind_104,2030,OnshoreWind,Oahu,WND,0,0,0
Oahu_OnshoreWind_OnWind_104,2035,OnshoreWind,Oahu,WND,0,0,0
Oahu_OnshoreWind_OnWind_104,2040,OnshoreWind,Oahu,WND,0,0,0
Oahu_OnshoreWind_OnWind_104,2045,OnshoreWind,Oahu,WND,0,0,0
Oahu_OnshoreWind_OnWind_104,2050,OnshoreWind,Oahu,WND,0,0,0
Oahu_OnshoreWind_OnWind_105,2020,OnshoreWind,Oahu,WND,0,0,0
Oahu_OnshoreWind_OnWind_105,2023,OnshoreWind,Oahu,WND,0,0,0
Oahu_OnshoreWind_OnWind_105,2025,OnshoreWind,Oahu,WND,0,0,0
Oahu_OnshoreWind_OnWind_105,2030,OnshoreWind,Oahu,WND,0,0,0
Oahu_OnshoreWind_OnWind_105,2035,OnshoreWind,Oahu,WND,0,0,0
Oahu_OnshoreWind_OnWind_105,2040,OnshoreWind,Oahu,WND,0,0,0
Oahu_OnshoreWind_OnWind_105,2045,OnshoreWind,Oahu,WND,0,0,0
Oahu_OnshoreWind_OnWind_105,2050,OnshoreWind,Oahu,WND,0,0,0
Oahu_OnshoreWind_OnWind_106,2020,OnshoreWind,Oahu,WND,0,0,0
Oahu_OnshoreWind_OnWind_106,2023,OnshoreWind,Oahu,WND,0,0,0
Oahu_OnshoreWind_OnWind_106,2025,OnshoreWind,Oahu,WND,0,0,0
Oahu_OnshoreWind_OnWind_106,2030,OnshoreWind,Oahu,WND,0,0,0
Oahu_OnshoreWind_OnWind_106,2035,OnshoreWind,Oahu,WND,0,0,0
Oahu_OnshoreWind_OnWind_106,2040,OnshoreWind,Oahu,WND,0,0,0
Oahu_OnshoreWind_OnWind_106,2045,OnshoreWind,Oahu,WND,0,0,0
Oahu_OnshoreWind_OnWind_106,2050,OnshoreWind,Oahu,WND,0,0,0
Oahu_OnshoreWind_OnWind_107,2020,OnshoreWind,Oahu,WND,0,0,0
Oahu_OnshoreWind_OnWind_107,2023,OnshoreWind,Oahu,WND,0,0,0
Oahu_OnshoreWind_OnWind_107,2025,OnshoreWind,Oahu,WND,0,0,0
Oahu_OnshoreWind_OnWind_107,2030,OnshoreWind,Oahu,WND,0,0,0
Oahu_OnshoreWind_OnWind_107,2035,OnshoreWind,Oahu,WND,0,0,0
Oahu_OnshoreWind_OnWind_107,2040,OnshoreWind,Oahu,WND,0,0,0
Oahu_OnshoreWind_OnWind_107,2045,OnshoreWind,Oahu,WND,0,0,0
Oahu_OnshoreWind_OnWind_107,2050,OnshoreWind,Oahu,WND,0,0,0
Oahu_OnshoreWind_OnWind_201,2020,OnshoreWind,Oahu,WND,0,0,0
Oahu_OnshoreWind_OnWind_201,2023,OnshoreWind,Oahu,WND,0,0,0
Oahu_OnshoreWind_OnWind_201,2025,OnshoreWind,Oahu,WND,0,0,0
Oahu_OnshoreWind_OnWind_201,2030,OnshoreWind,Oahu,WND,0,0,0
Oahu_OnshoreWind_OnWind_201,2035,OnshoreWind,Oahu,WND,0,0,0
Oahu_OnshoreWind_OnWind_201,2040,OnshoreWind,Oahu,WND,0,0,0
Oahu_OnshoreWind_OnWind_201,2045,OnshoreWind,Oahu,WND,0,0,0
Oahu_OnshoreWind_OnWind_201,2050,OnshoreWind,Oahu,WND,0,0,0
Oahu_OnshoreWind_OnWind_202,2020,OnshoreWind,Oahu,WND,0,0,0
Oahu_OnshoreWind_OnWind_202,2023,OnshoreWind,Oahu,WND,0,0,0
Oahu_OnshoreWind_OnWind_202,2025,OnshoreWind,Oahu,WND,0,0,0
Oahu_OnshoreWind_OnWind_202,2030,OnshoreWind,Oahu,WND,0,0,0
Oahu_OnshoreWind_OnWind_202,2035,OnshoreWind,Oahu,WND,0,0,0
Oahu_OnshoreWind_OnWind_202,2040,OnshoreWind,Oahu,WND,0,0,0
Oahu_OnshoreWind_OnWind_202,2045,OnshoreWind,Oahu,WND,0,0,0
Oahu_OnshoreWind_OnWind_202,2050,OnshoreWind,Oahu,WND,0,0,0
Oahu_OnshoreWind_OnWind_203,2020,OnshoreWind,Oahu,WND,0,0,0
Oahu_OnshoreWind_OnWind_203,2023,OnshoreWind,Oahu,WND,0,0,0
Oahu_OnshoreWind_OnWind_203,2025,OnshoreWind,Oahu,WND,0,0,0
Oahu_OnshoreWind_OnWind_203,2030,OnshoreWind,Oahu,WND,0,0,0
Oahu_OnshoreWind_OnWind_203,2035,OnshoreWind,Oahu,WND,0,0,0
Oahu_OnshoreWind_OnWind_203,2040,OnshoreWind,Oahu,WND,0,0,0
Oahu_OnshoreWind_OnWind_203,2045,OnshoreWind,Oahu,WND,0,0,0
Oahu_OnshoreWind_OnWind_203,2050,OnshoreWind,Oahu,WND,0,0,0
Oahu_OnshoreWind_OnWind_204,2020,OnshoreWind,Oahu,WND,0,0,0
Oahu_OnshoreWind_OnWind_204,2023,OnshoreWind,Oahu,WND,0,0,0
Oahu_OnshoreWind_OnWind_204,2025,OnshoreWind,Oahu,WND,0,0,0
Oahu_OnshoreWind_OnWind_204,2030,OnshoreWind,Oahu,WND,0,0,0
Oahu_OnshoreWind_OnWind_204,2035,OnshoreWind,Oahu,WND,0,0,0
Oahu_OnshoreWind_OnWind_204,2040,OnshoreWind,Oahu,WND,0,0,0
Oahu_OnshoreWind_OnWind_204,2045,OnshoreWind,Oahu,WND,0,0,0
Oahu_OnshoreWind_OnWind_204,2050,OnshoreWind,Oahu,WND,0,0,0
Oahu_OnshoreWind_OnWind_205,2020,OnshoreWind,Oahu,WND,0,0,0
Oahu_OnshoreWind_OnWind_205,2023,OnshoreWind,Oahu,WND,0,0,0
Oahu_OnshoreWind_OnWind_205,2025,OnshoreWind,Oahu,WND,0,0,0
Oahu_OnshoreWind_OnWind_205,2030,OnshoreWind,Oahu,WND,0,0,0
Oahu_OnshoreWind_OnWind_205,2035,OnshoreWind,Oahu,WND,0,0,0
Oahu_OnshoreWind_OnWind_205,2040,OnshoreWind,Oahu,WND,0,0,0
Oahu_OnshoreWind_OnWind_205,2045,OnshoreWind,Oahu,WND,0,0,0
Oahu_OnshoreWind_OnWind_205,2050,OnshoreWind,Oahu,WND,0,0,0
Oahu_OnshoreWind_OnWind_206,2020,OnshoreWind,Oahu,WND,0,0,0
Oahu_OnshoreWind_OnWind_206,2023,OnshoreWind,Oahu,WND,0,0,0
Oahu_OnshoreWind_OnWind_206,2025,OnshoreWind,Oahu,WND,0,0,0
Oahu_OnshoreWind_OnWind_206,2030,OnshoreWind,Oahu,WND,0,0,0
Oahu_OnshoreWind_OnWind_206,2035,OnshoreWind,Oahu,WND,0,0,0
Oahu_OnshoreWind_OnWind_206,2040,OnshoreWind,Oahu,WND,0,0,0
Oahu_OnshoreWind_OnWind_206,2045,OnshoreWind,Oahu,WND,0,0,0
Oahu_OnshoreWind_OnWind_206,2050,OnshoreWind,Oahu,WND,0,0,0
Oahu_OnshoreWind_OnWind_207,2020,OnshoreWind,Oahu,WND,0,0,0
Oahu_OnshoreWind_OnWind_207,2023,OnshoreWind,Oahu,WND,0,0,0
Oahu_OnshoreWind_OnWind_207,2025,OnshoreWind,Oahu,WND,0,0,0
Oahu_OnshoreWind_OnWind_207,2030,OnshoreWind,Oahu,WND,0,0,0
Oahu_OnshoreWind_OnWind_207,2035,OnshoreWind,Oahu,WND,0,0,0
Oahu_OnshoreWind_OnWind_207,2040,OnshoreWind,Oahu,WND,0,0,0
Oahu_OnshoreWind_OnWind_207,2045,OnshoreWind,Oahu,WND,0,0,0
Oahu_OnshoreWind_OnWind_207,2050,OnshoreWind,Oahu,WND,0,0,0
Oahu_OnshoreWind_OnWind_208,2020,OnshoreWind,Oahu,WND,0,0,0
Oahu_OnshoreWind_OnWind_208,2023,OnshoreWind,Oahu,WND,0,0,0
Oahu_OnshoreWind_OnWind_208,2025,OnshoreWind,Oahu,WND,0,0,0
Oahu_OnshoreWind_OnWind_208,2030,OnshoreWind,Oahu,WND,0,0,0
Oahu_OnshoreWind_OnWind_208,2035,OnshoreWind,Oahu,WND,0,0,0
Oahu_OnshoreWind_OnWind_208,2040,OnshoreWind,Oahu,WND,0,0,0
Oahu_OnshoreWind_OnWind_208,2045,OnshoreWind,Oahu,WND,0,0,0
Oahu_OnshoreWind_OnWind_208,2050,OnshoreWind,Oahu,WND,0,0,0
Oahu_OnshoreWind_OnWind_209,2020,OnshoreWind,Oahu,WND,0,0,0
Oahu_OnshoreWind_OnWind_209,2023,OnshoreWind,Oahu,WND,0,0,0
Oahu_OnshoreWind_OnWind_209,2025,OnshoreWind,Oahu,WND,0,0,0
Oahu_OnshoreWind_OnWind_209,2030,OnshoreWind,Oahu,WND,0,0,0
Oahu_OnshoreWind_OnWind_209,2035,OnshoreWind,Oahu,WND,0,0,0
Oahu_OnshoreWind_OnWind_209,2040,OnshoreWind,Oahu,WND,0,0,0
Oahu_OnshoreWind_OnWind_209,2045,OnshoreWind,Oahu,WND,0,0,0
Oahu_OnshoreWind_OnWind_209,2050,OnshoreWind,Oahu,WND,0,0,0
Oahu_OnshoreWind_OnWind_301,2020,OnshoreWind,Oahu,WND,0,0,0
Oahu_OnshoreWind_OnWind_301,2023,OnshoreWind,Oahu,WND,0,0,0
Oahu_OnshoreWind_OnWind_301,2025,OnshoreWind,Oahu,WND,0,0,0
Oahu_OnshoreWind_OnWind_301,2030,OnshoreWind,Oahu,WND,0,0,0
Oahu_OnshoreWind_OnWind_301,2035,OnshoreWind,Oahu,WND,0,0,0
Oahu_OnshoreWind_OnWind_301,2040,OnshoreWind,Oahu,WND,0,0,0
Oahu_OnshoreWind_OnWind_301,2045,OnshoreWind,Oahu,WND,0,0,0
Oahu_OnshoreWind_OnWind_301,2050,OnshoreWind,Oahu,WND,0,0,0
Oahu_OnshoreWind_OnWind_302,2020,OnshoreWind,Oahu,WND,0,0,0
Oahu_OnshoreWind_OnWind_302,2023,OnshoreWind,Oahu,WND,0,0,0
Oahu_OnshoreWind_OnWind_302,2025,OnshoreWind,Oahu,WND,0,0,0
Oahu_OnshoreWind_OnWind_302,2030,OnshoreWind,Oahu,WND,0,0,0
Oahu_OnshoreWind_OnWind_302,2035,OnshoreWind,Oahu,WND,0,0,0
Oahu_OnshoreWind_OnWind_302,2040,OnshoreWind,Oahu,WND,0,0,0
Oahu_OnshoreWind_OnWind_302,2045,OnshoreWind,Oahu,WND,0,0,0
Oahu_OnshoreWind_OnWind_302,2050,OnshoreWind,Oahu,WND,0,0,0
Oahu_OnshoreWind_OnWind_303,2020,OnshoreWind,Oahu,WND,0,0,0
Oahu_OnshoreWind_OnWind_303,2023,OnshoreWind,Oahu,WND,0,0,0
Oahu_OnshoreWind_OnWind_303,2025,OnshoreWind,Oahu,WND,0,0,0
Oahu_OnshoreWind_OnWind_303,2030,OnshoreWind,Oahu,WND,0,0,0
Oahu_OnshoreWind_OnWind_303,2035,OnshoreWind,Oahu,WND,0,0,0
Oahu_OnshoreWind_OnWind_303,2040,OnshoreWind,Oahu,WND,0,0,0
Oahu_OnshoreWind_OnWind_303,2045,OnshoreWind,Oahu,WND,0,0,0
Oahu_OnshoreWind_OnWind_303,2050,OnshoreWind,Oahu,WND,0,0,0
Oahu_OnshoreWind_OnWind_304,2020,OnshoreWind,Oahu,WND,0,0,0
Oahu_OnshoreWind_OnWind_304,2023,OnshoreWind,Oahu,WND,0,0,0
Oahu_OnshoreWind_OnWind_304,2025,OnshoreWind,Oahu,WND,0,0,0
Oahu_OnshoreWind_OnWind_304,2030,OnshoreWind,Oahu,WND,0,0,0
Oahu_OnshoreWind_OnWind_304,2035,OnshoreWind,Oahu,WND,0,0,0
Oahu_OnshoreWind_OnWind_304,2040,OnshoreWind,Oahu,WND,0,0,0
Oahu_OnshoreWind_OnWind_304,2045,OnshoreWind,Oahu,WND,0,0,0
Oahu_OnshoreWind_OnWind_304,2050,OnshoreWind,Oahu,WND,0,0,0
Oahu_OnshoreWind_OnWind_305,2020,OnshoreWind,Oahu,WND,0,0,0
Oahu_OnshoreWind_OnWind_305,2023,OnshoreWind,Oahu,WND,0,0,0
Oahu_OnshoreWind_OnWind_305,2025,OnshoreWind,Oahu,WND,0,0,0
Oahu_OnshoreWind_OnWind_305,2030,OnshoreWind,Oahu,WND,0,0,0
Oahu_OnshoreWind_OnWind_305,2035,OnshoreWind,Oahu,WND,0,0,0
Oahu_OnshoreWind_OnWind_305,2040,OnshoreWind,Oahu,WND,0,0,0
Oahu_OnshoreWind_OnWind_305,2045,OnshoreWind,Oahu,WND,0,0,0
Oahu_OnshoreWind_OnWind_305,2050,OnshoreWind,Oahu,WND,0,0,0
Oahu_OnshoreWind_OnWind_306,2020,OnshoreWind,Oahu,WND,0,0,0
Oahu_OnshoreWind_OnWind_306,2023,OnshoreWind,Oahu,WND,0,0,0
Oahu_OnshoreWind_OnWind_306,2025,OnshoreWind,Oahu,WND,0,0,0
Oahu_OnshoreWind_OnWind_306,2030,OnshoreWind,Oahu,WND,0,0,0
Oahu_OnshoreWind_OnWind_306,2035,OnshoreWind,Oahu,WND,0,0,0
Oahu_OnshoreWind_OnWind_306,2040,OnshoreWind,Oahu,WND,0,0,0
Oahu_OnshoreWind_OnWind_306,2045,OnshoreWind,Oahu,WND,0,0,0
Oahu_OnshoreWind_OnWind_306,2050,OnshoreWind,Oahu,WND,0,0,0
Oahu_OnshoreWind_OnWind_307,2020,OnshoreWind,Oahu,WND,0,0,0
Oahu_OnshoreWind_OnWind_307,2023,OnshoreWind,Oahu,WND,0,0,0
Oahu_OnshoreWind_OnWind_307,2025,OnshoreWind,Oahu,WND,0,0,0
Oahu_OnshoreWind_OnWind_307,2030,OnshoreWind,Oahu,WND,0,0,0
Oahu_OnshoreWind_OnWind_307,2035,OnshoreWind,Oahu,WND,0,0,0
Oahu_OnshoreWind_OnWind_307,2040,OnshoreWind,Oahu,WND,0,0,0
Oahu_OnshoreWind_OnWind_307,2045,OnshoreWind,Oahu,WND,0,0,0
Oahu_OnshoreWind_OnWind_307,2050,OnshoreWind,Oahu,WND,0,0,0
Oahu_OnshoreWind_OnWind_308,2020,OnshoreWind,Oahu,WND,0,0,0
Oahu_OnshoreWind_OnWind_308,2023,OnshoreWind,Oahu,WND,0,0,0
Oahu_OnshoreWind_OnWind_308,2025,OnshoreWind,Oahu,WND,0,0,0
Oahu_OnshoreWind_OnWind_308,2030,OnshoreWind,Oahu,WND,0,0,0
Oahu_OnshoreWind_OnWind_308,2035,OnshoreWind,Oahu,WND,0,0,0
Oahu_OnshoreWind_OnWind_308,2040,OnshoreWind,Oahu,WND,0,0,0
Oahu_OnshoreWind_OnWind_308,2045,OnshoreWind,Oahu,WND,0,0,0
Oahu_OnshoreWind_OnWind_308,2050,OnshoreWind,Oahu,WND,0,0,0
Oahu_OnshoreWind_OnWind_309,2020,OnshoreWind,Oahu,WND,0,0,0
Oahu_OnshoreWind_OnWind_309,2023,OnshoreWind,Oahu,WND,0,0,0
Oahu_OnshoreWind_OnWind_309,2025,OnshoreWind,Oahu,WND,0,0,0
Oahu_OnshoreWind_OnWind_309,2030,OnshoreWind,Oahu,WND,0,0,0
Oahu_OnshoreWind_OnWind_309,2035,OnshoreWind,Oahu,WND,0,0,0
Oahu_OnshoreWind_OnWind_309,2040,OnshoreWind,Oahu,WND,0,0,0
Oahu_OnshoreWind_OnWind_309,2045,OnshoreWind,Oahu,WND,0,0,0
Oahu_OnshoreWind_OnWind_309,2050,OnshoreWind,Oahu,WND,0,0,0
Oahu_OnshoreWind_OnWind_401,2020,OnshoreWind,Oahu,WND,0,0,0
Oahu_OnshoreWind_OnWind_401,2023,OnshoreWind,Oahu,WND,0,0,0
Oahu_OnshoreWind_OnWind_401,2025,OnshoreWind,Oahu,WND,0,0,0
Oahu_OnshoreWind_OnWind_401,2030,OnshoreWind,Oahu,WND,0,0,0
Oahu_OnshoreWind_OnWind_401,2035,OnshoreWind,Oahu,WND,0,0,0
Oahu_OnshoreWind_OnWind_401,2040,OnshoreWind,Oahu,WND,0,0,0
Oahu_OnshoreWind_OnWind_401,2045,OnshoreWind,Oahu,WND,0,0,0
Oahu_OnshoreWind_OnWind_401,2050,OnshoreWind,Oahu,WND,0,0,0
Oahu_OnshoreWind_OnWind_402,2020,OnshoreWind,Oahu,WND,0,0,0
Oahu_OnshoreWind_OnWind_402,2023,OnshoreWind,Oahu,WND,0,0,0
Oahu_OnshoreWind_OnWind_402,2025,OnshoreWind,Oahu,WND,0,0,0
Oahu_OnshoreWind_OnWind_402,2030,OnshoreWind,Oahu,WND,0,0,0
Oahu_OnshoreWind_OnWind_402,2035,OnshoreWind,Oahu,WND,0,0,0
Oahu_OnshoreWind_OnWind_402,2040,OnshoreWind,Oahu,WND,0,0,0
Oahu_OnshoreWind_OnWind_402,2045,OnshoreWind,Oahu,WND,0,0,0
Oahu_OnshoreWind_OnWind_402,2050,OnshoreWind,Oahu,WND,0,0,0
Oahu_OnshoreWind_OnWind_403,2020,OnshoreWind,Oahu,WND,0,0,0
Oahu_OnshoreWind_OnWind_403,2023,OnshoreWind,Oahu,WND,0,0,0
Oahu_OnshoreWind_OnWind_403,2025,OnshoreWind,Oahu,WND,0,0,0
Oahu_OnshoreWind_OnWind_403,2030,OnshoreWind,Oahu,WND,0,0,0
Oahu_OnshoreWind_OnWind_403,2035,OnshoreWind,Oahu,WND,0,0,0
Oahu_OnshoreWind_OnWind_403,2040,OnshoreWind,Oahu,WND,0,0,0
Oahu_OnshoreWind_OnWind_403,2045,OnshoreWind,Oahu,WND,0,0,0
Oahu_OnshoreWind_OnWind_403,2050,OnshoreWind,Oahu,WND,0,0,0
Oahu_OnshoreWind_OnWind_404,2020,OnshoreWind,Oahu,WND,0,0,0
Oahu_OnshoreWind_OnWind_404,2023,OnshoreWind,Oahu,WND,0,0,0
Oahu_OnshoreWind_OnWind_404,2025,OnshoreWind,Oahu,WND,0,0,0
Oahu_OnshoreWind_OnWind_404,2030,OnshoreWind,Oahu,WND,0,0,0
Oahu_OnshoreWind_OnWind_404,2035,OnshoreWind,Oahu,WND,0,0,0
Oahu_OnshoreWind_OnWind_404,2040,OnshoreWind,Oahu,WND,0,0,0
Oahu_OnshoreWind_OnWind_404,2045,OnshoreWind,Oahu,WND,0,0,0
Oahu_OnshoreWind_OnWind_404,2050,OnshoreWind,Oahu,WND,0,0,0
Oahu_OnshoreWind_OnWind_405,2020,OnshoreWind,Oahu,WND,0,0,0
Oahu_OnshoreWind_OnWind_405,2023,OnshoreWind,Oahu,WND,0,0,0
Oahu_OnshoreWind_OnWind_405,2025,OnshoreWind,Oahu,WND,0,0,0
Oahu_OnshoreWind_OnWind_405,2030,OnshoreWind,Oahu,WND,0,0,0
Oahu_OnshoreWind_OnWind_405,2035,OnshoreWind,Oahu,WND,0,0,0
Oahu_OnshoreWind_OnWind_405,2040,OnshoreWind,Oahu,WND,0,0,0
Oahu_OnshoreWind_OnWind_405,2045,OnshoreWind,Oahu,WND,0,0,0
Oahu_OnshoreWind_OnWind_405,2050,OnshoreWind,Oahu,WND,0,0,0
Oahu_OnshoreWind_OnWind_406,2020,OnshoreWind,Oahu,WND,0,0,0
Oahu_OnshoreWind_OnWind_406,2023,OnshoreWind,Oahu,WND,0,0,0
Oahu_OnshoreWind_OnWind_406,2025,OnshoreWind,Oahu,WND,0,0,0
Oahu_OnshoreWind_OnWind_406,2030,OnshoreWind,Oahu,WND,0,0,0
Oahu_OnshoreWind_OnWind_406,2035,OnshoreWind,Oahu,WND,0,0,0
Oahu_OnshoreWind_OnWind_406,2040,OnshoreWind,Oahu,WND,0,0,0
Oahu_OnshoreWind_OnWind_406,2045,OnshoreWind,Oahu,WND,0,0,0
Oahu_OnshoreWind_OnWind_406,2050,OnshoreWind,Oahu,WND,0,0,0
Oahu_OnshoreWind_OnWind_407,2020,OnshoreWind,Oahu,WND,0,0,0
Oahu_OnshoreWind_OnWind_407,2023,OnshoreWind,Oahu,WND,0,0,0
Oahu_OnshoreWind_OnWind_407,2025,OnshoreWind,Oahu,WND,0,0,0
Oahu_OnshoreWind_OnWind_407,2030,OnshoreWind,Oahu,WND,0,0,0
Oahu_OnshoreWind_OnWind_407,2035,OnshoreWind,Oahu,WND,0,0,0
Oahu_OnshoreWind_OnWind_407,2040,OnshoreWind,Oahu,WND,0,0,0
Oahu_OnshoreWind_OnWind_407,2045,OnshoreWind,Oahu,WND,0,0,0
Oahu_OnshoreWind_OnWind_407,2050,OnshoreWind,Oahu,WND,0,0,0
Oahu_OnshoreWind_OnWind_408,2020,OnshoreWind,Oahu,WND,0,0,0
Oahu_OnshoreWind_OnWind_408,2023,OnshoreWind,Oahu,WND,0,0,0
Oahu_OnshoreWind_OnWind_408,2025,OnshoreWind,Oahu,WND,0,0,0
Oahu_OnshoreWind_OnWind_408,2030,OnshoreWind,Oahu,WND,0,0,0
Oahu_OnshoreWind_OnWind_408,2035,OnshoreWind,Oahu,WND,0,0,0
Oahu_OnshoreWind_OnWind_408,2040,OnshoreWind,Oahu,WND,0,0,0
Oahu_OnshoreWind_OnWind_408,2045,OnshoreWind,Oahu,WND,0,0,0
Oahu_OnshoreWind_OnWind_408,2050,OnshoreWind,Oahu,WND,0,0,0
Oahu_OnshoreWind_OnWind_409,2020,OnshoreWind,Oahu,WND,0,0,0
Oahu_OnshoreWind_OnWind_409,2023,OnshoreWind,Oahu,WND,0,0,0
Oahu_OnshoreWind_OnWind_409,2025,OnshoreWind,Oahu,WND,0,0,0
Oahu_OnshoreWind_OnWind_409,2030,OnshoreWind,Oahu,WND,0,0,0
Oahu_OnshoreWind_OnWind_409,2035,OnshoreWind,Oahu,WND,0,0,0
Oahu_OnshoreWind_OnWind_409,2040,OnshoreWind,Oahu,WND,0,0,0
Oahu_OnshoreWind_OnWind_409,2045,OnshoreWind,Oahu,WND,0,0,0
Oahu_OnshoreWind_OnWind_409,2050,OnshoreWind,Oahu,WND,0,0,0
Oahu_OnshoreWind_OnWind_410,2020,OnshoreWind,Oahu,WND,0,0,0
Oahu_OnshoreWind_OnWind_410,2023,OnshoreWind,Oahu,WND,0,0,0
Oahu_OnshoreWind_OnWind_410,2025,OnshoreWind,Oahu,WND,0,0,0
Oahu_OnshoreWind_OnWind_410,2030,OnshoreWind,Oahu,WND,0,0,0
Oahu_OnshoreWind_OnWind_410,2035,OnshoreWind,Oahu,WND,0,0,0
Oahu_OnshoreWind_OnWind_410,2040,OnshoreWind,Oahu,WND,0,0,0
Oahu_OnshoreWind_OnWind_410,2045,OnshoreWind,Oahu,WND,0,0,0
Oahu_OnshoreWind_OnWind_410,2050,OnshoreWind,Oahu,WND,0,0,0
Oahu_OnshoreWind_OnWind_501,2020,OnshoreWind,Oahu,WND,0,0,0
Oahu_OnshoreWind_OnWind_501,2023,OnshoreWind,Oahu,WND,24,3.90218e+06,1.03455e+06
Oahu_OnshoreWind_OnWind_501,2025,OnshoreWind,Oahu,WND,24,3.90218e+06,1.03455e+06
Oahu_OnshoreWind_OnWind_501,2030,OnshoreWind,Oahu,WND,224,3.09121e+07,9.13926e+06
Oahu_OnshoreWind_OnWind_501,2035,OnshoreWind,Oahu,WND,224,3.09121e+07,9.13926e+06
Oahu_OnshoreWind_OnWind_501,2040,OnshoreWind,Oahu,WND,224,3.09121e+07,9.13926e+06
Oahu_OnshoreWind_OnWind_501,2045,OnshoreWind,Oahu,WND,242.5,3.30277e+07,9.80461e+06
Oahu_OnshoreWind_OnWind_501,2050,OnshoreWind,Oahu,WND,242.5,3.30277e+07,9.80461e+06
Oahu_OnshoreWind_OnWind_502,2020,OnshoreWind,Oahu,WND,0,0,0
Oahu_OnshoreWind_OnWind_502,2023,OnshoreWind,Oahu,WND,0,0,0
Oahu_OnshoreWind_OnWind_502,2025,OnshoreWind,Oahu,WND,0,0,0
Oahu_OnshoreWind_OnWind_502,2030,OnshoreWind,Oahu,WND,0,0,0
Oahu_OnshoreWind_OnWind_502,2035,OnshoreWind,Oahu,WND,0,0,0
Oahu_OnshoreWind_OnWind_502,2040,OnshoreWind,Oahu,WND,0,0,0
Oahu_OnshoreWind_OnWind_502,2045,OnshoreWind,Oahu,WND,0,0,0
Oahu_OnshoreWind_OnWind_502,2050,OnshoreWind,Oahu,WND,0,0,0
Oahu_OnshoreWind_OnWind_503,2020,OnshoreWind,Oahu,WND,0,0,0
Oahu_OnshoreWind_OnWind_503,2023,OnshoreWind,Oahu,WND,0,0,0
Oahu_OnshoreWind_OnWind_503,2025,OnshoreWind,Oahu,WND,0,0,0
Oahu_OnshoreWind_OnWind_503,2030,OnshoreWind,Oahu,WND,0,0,0
Oahu_OnshoreWind_OnWind_503,2035,OnshoreWind,Oahu,WND,0,0,0
Oahu_OnshoreWind_OnWind_503,2040,OnshoreWind,Oahu,WND,0,0,0
Oahu_OnshoreWind_OnWind_503,2045,OnshoreWind,Oahu,WND,60.5,6.85332e+06,2.17586e+06
Oahu_OnshoreWind_OnWind_503,2050,OnshoreWind,Oahu,WND,60.5,6.85332e+06,2.17586e+06
Oahu_OnshoreWind_OnWind_504,2020,OnshoreWind,Oahu,WND,0,0,0
Oahu_OnshoreWind_OnWind_504,2023,OnshoreWind,Oahu,WND,0,0,0
Oahu_OnshoreWind_OnWind_504,2025,OnshoreWind,Oahu,WND,0,0,0
Oahu_OnshoreWind_OnWind_504,2030,OnshoreWind,Oahu,WND,0,0,0
Oahu_OnshoreWind_OnWind_504,2035,OnshoreWind,Oahu,WND,0,0,0
Oahu_OnshoreWind_OnWind_504,2040,OnshoreWind,Oahu,WND,0,0,0
Oahu_OnshoreWind_OnWind_504,2045,OnshoreWind,Oahu,WND,20,2.24859e+06,719294
Oahu_OnshoreWind_OnWind_504,2050,OnshoreWind,Oahu,WND,20,2.24859e+06,719294
Oahu_OnshoreWind_OnWind_505,2020,OnshoreWind,Oahu,WND,0,0,0
Oahu_OnshoreWind_OnWind_505,2023,OnshoreWind,Oahu,WND,0,0,0
Oahu_OnshoreWind_OnWind_505,2025,OnshoreWind,Oahu,WND,0,0,0
Oahu_OnshoreWind_OnWind_505,2030,OnshoreWind,Oahu,WND,0,0,0
Oahu_OnshoreWind_OnWind_505,2035,OnshoreWind,Oahu,WND,0,0,0
Oahu_OnshoreWind_OnWind_505,2040,OnshoreWind,Oahu,WND,0,0,0
Oahu_OnshoreWind_OnWind_505,2045,OnshoreWind,Oahu,WND,0,0,0
Oahu_OnshoreWind_OnWind_505,2050,OnshoreWind,Oahu,WND,0,0,0
Oahu_OnshoreWind_OnWind_506,2020,OnshoreWind,Oahu,WND,0,0,0
Oahu_OnshoreWind_OnWind_506,2023,OnshoreWind,Oahu,WND,0,0,0
Oahu_OnshoreWind_OnWind_506,2025,OnshoreWind,Oahu,WND,0,0,0
Oahu_OnshoreWind_OnWind_506,2030,OnshoreWind,Oahu,WND,0,0,0
Oahu_OnshoreWind_OnWind_506,2035,OnshoreWind,Oahu,WND,0,0,0
Oahu_OnshoreWind_OnWind_506,2040,OnshoreWind,Oahu,WND,0,0,0
Oahu_OnshoreWind_OnWind_506,2045,OnshoreWind,Oahu,WND,0,0,0
Oahu_OnshoreWind_OnWind_506,2050,OnshoreWind,Oahu,WND,0,0,0
Oahu_OnshoreWind_OnWind_507,2020,OnshoreWind,Oahu,WND,0,0,0
Oahu_OnshoreWind_OnWind_507,2023,OnshoreWind,Oahu,WND,0,0,0
Oahu_OnshoreWind_OnWind_507,2025,OnshoreWind,Oahu,WND,0,0,0
Oahu_OnshoreWind_OnWind_507,2030,OnshoreWind,Oahu,WND,0,0,0
Oahu_OnshoreWind_OnWind_507,2035,OnshoreWind,Oahu,WND,0,0,0
Oahu_OnshoreWind_OnWind_507,2040,OnshoreWind,Oahu,WND,0,0,0
Oahu_OnshoreWind_OnWind_507,2045,OnshoreWind,Oahu,WND,0,0,0
Oahu_OnshoreWind_OnWind_507,2050,OnshoreWind,Oahu,WND,0,0,0
Oahu_OnshoreWind_OnWind_508,2020,OnshoreWind,Oahu,WND,0,0,0
Oahu_OnshoreWind_OnWind_508,2023,OnshoreWind,Oahu,WND,0,0,0
Oahu_OnshoreWind_OnWind_508,2025,OnshoreWind,Oahu,WND,0,0,0
Oahu_OnshoreWind_OnWind_508,2030,OnshoreWind,Oahu,WND,0,0,0
Oahu_OnshoreWind_OnWind_508,2035,OnshoreWind,Oahu,WND,0,0,0
Oahu_OnshoreWind_OnWind_508,2040,OnshoreWind,Oahu,WND,0,0,0
Oahu_OnshoreWind_OnWind_508,2045,OnshoreWind,Oahu,WND,0,0,0
Oahu_OnshoreWind_OnWind_508,2050,OnshoreWind,Oahu,WND,0,0,0
Oahu_OnshoreWind_OnWind_509,2020,OnshoreWind,Oahu,WND,0,0,0
Oahu_OnshoreWind_OnWind_509,2023,OnshoreWind,Oahu,WND,0,0,0
Oahu_OnshoreWind_OnWind_509,2025,OnshoreWind,Oahu,WND,0,0,0
Oahu_OnshoreWind_OnWind_509,2030,OnshoreWind,Oahu,WND,0,0,0
Oahu_OnshoreWind_OnWind_509,2035,OnshoreWind,Oahu,WND,0,0,0
Oahu_OnshoreWind_OnWind_509,2040,OnshoreWind,Oahu,WND,0,0,0
Oahu_OnshoreWind_OnWind_509,2045,OnshoreWind,Oahu,WND,0,0,0
Oahu_OnshoreWind_OnWind_509,2050,OnshoreWind,Oahu,WND,0,0,0
Oahu_OnshoreWind_OnWind_Kahuku,2020,OnshoreWind,Oahu,WND,30,1.44829e+07,1.57234e+06
Oahu_OnshoreWind_OnWind_Kahuku,2023,OnshoreWind,Oahu,WND,30,1.44829e+07,1.57234e+06
Oahu_OnshoreWind_OnWind_Kahuku,2025,OnshoreWind,Oahu,WND,30,1.44829e+07,1.57234e+06
Oahu_OnshoreWind_OnWind_Kahuku,2030,OnshoreWind,Oahu,WND,30,1.44829e+07,1.57234e+06
Oahu_OnshoreWind_OnWind_Kahuku,2035,OnshoreWind,Oahu,WND,30,1.44829e+07,1.57234e+06
Oahu_OnshoreWind_OnWind_Kahuku,2040,OnshoreWind,Oahu,WND,30,1.44829e+07,1.57234e+06
Oahu_OnshoreWind_OnWind_Kahuku,2045,OnshoreWind,Oahu,WND,0,0,0
Oahu_OnshoreWind_OnWind_Kahuku,2050,OnshoreWind,Oahu,WND,0,0,0
Oahu_OnshoreWind_OnWind_Kawailoa,2020,OnshoreWind,Oahu,WND,69,2.51624e+07,3.61638e+06
Oahu_OnshoreWind_OnWind_Kawailoa,2023,OnshoreWind,Oahu,WND,69,2.51624e+07,3.61638e+06
Oahu_OnshoreWind_OnWind_Kawailoa,2025,OnshoreWind,Oahu,WND,69,2.51624e+07,3.61638e+06
Oahu_OnshoreWind_OnWind_Kawailoa,2030,OnshoreWind,Oahu,WND,69,2.51624e+07,3.61638e+06
Oahu_OnshoreWind_OnWind_Kawailoa,2035,OnshoreWind,Oahu,WND,69,2.51624e+07,3.61638e+06
Oahu_OnshoreWind_OnWind_Kawailoa,2040,OnshoreWind,Oahu,WND,69,2.51624e+07,3.61638e+06
Oahu_OnshoreWind_OnWind_Kawailoa,2045,OnshoreWind,Oahu,WND,0,0,0
Oahu_OnshoreWind_OnWind_Kawailoa,2050,OnshoreWind,Oahu,WND,0,0,0
Oahu_SlopedDistPV_Oahu_SlopedDistPV_0,2020,SlopedDistPV,Oahu,SUN,36.2479,1.66307e+07,137605
Oahu_SlopedDistPV_Oahu_SlopedDistPV_0,2023,SlopedDistPV,Oahu,SUN,36.2479,1.66307e+07,137605
Oahu_SlopedDistPV_Oahu_SlopedDistPV_0,2025,SlopedDistPV,Oahu,SUN,36.2479,1.66307e+07,137605
Oahu_SlopedDistPV_Oahu_SlopedDistPV_0,2030,SlopedDistPV,Oahu,SUN,36.2479,1.66307e+07,137605
Oahu_SlopedDistPV_Oahu_SlopedDistPV_0,2035,SlopedDistPV,Oahu,SUN,36.2479,1.66307e+07,137605
Oahu_SlopedDistPV_Oahu_SlopedDistPV_0,2040,SlopedDistPV,Oahu,SUN,36.2479,1.66307e+07,137605
Oahu_SlopedDistPV_Oahu_SlopedDistPV_0,2045,SlopedDistPV,Oahu,SUN,13.5873,5.71268e+06,137605
Oahu_SlopedDistPV_Oahu_SlopedDistPV_0,2050,SlopedDistPV,Oahu,SUN,0,0,0
Oahu_SlopedDistPV_Oahu_SlopedDistPV_1,2020,SlopedDistPV,Oahu,SUN,50.4376,2.3141e+07,191472
Oahu_SlopedDistPV_Oahu_SlopedDistPV_1,2023,SlopedDistPV,Oahu,SUN,50.4376,2.3141e+07,191472
Oahu_SlopedDistPV_Oahu_SlopedDistPV_1,2025,SlopedDistPV,Oahu,SUN,50.4376,2.3141e+07,191472
Oahu_SlopedDistPV_Oahu_SlopedDistPV_1,2030,SlopedDistPV,Oahu,SUN,50.4376,2.3141e+07,191472
Oahu_SlopedDistPV_Oahu_SlopedDistPV_1,2035,SlopedDistPV,Oahu,SUN,50.4376,2.3141e+07,191472
Oahu_SlopedDistPV_Oahu_SlopedDistPV_1,2040,SlopedDistPV,Oahu,SUN,50.4376,2.3141e+07,191472
Oahu_SlopedDistPV_Oahu_SlopedDistPV_1,2045,SlopedDistPV,Oahu,SUN,18.9062,7.94898e+06,191472
Oahu_SlopedDistPV_Oahu_SlopedDistPV_1,2050,SlopedDistPV,Oahu,SUN,0,0,0
Oahu_SlopedDistPV_Oahu_SlopedDistPV_10,2020,SlopedDistPV,Oahu,SUN,0,0,0
Oahu_SlopedDistPV_Oahu_SlopedDistPV_10,2023,SlopedDistPV,Oahu,SUN,0,0,0
Oahu_SlopedDistPV_Oahu_SlopedDistPV_10,2025,SlopedDistPV,Oahu,SUN,0,0,0
Oahu_SlopedDistPV_Oahu_SlopedDistPV_10,2030,SlopedDistPV,Oahu,SUN,0,0,0
Oahu_SlopedDistPV_Oahu_SlopedDistPV_10,2035,SlopedDistPV,Oahu,SUN,0,0,0
Oahu_SlopedDistPV_Oahu_SlopedDistPV_10,2040,SlopedDistPV,Oahu,SUN,0,0,0
Oahu_SlopedDistPV_Oahu_SlopedDistPV_10,2045,SlopedDistPV,Oahu,SUN,0,0,0
Oahu_SlopedDistPV_Oahu_SlopedDistPV_10,2050,SlopedDistPV,Oahu,SUN,0,0,0
Oahu_SlopedDistPV_Oahu_SlopedDistPV_11,2020,SlopedDistPV,Oahu,SUN,0,0,0
Oahu_SlopedDistPV_Oahu_SlopedDistPV_11,2023,SlopedDistPV,Oahu,SUN,0,0,0
Oahu_SlopedDistPV_Oahu_SlopedDistPV_11,2025,SlopedDistPV,Oahu,SUN,0,0,0
Oahu_SlopedDistPV_Oahu_SlopedDistPV_11,2030,SlopedDistPV,Oahu,SUN,0,0,0
Oahu_SlopedDistPV_Oahu_SlopedDistPV_11,2035,SlopedDistPV,Oahu,SUN,0,0,0
Oahu_SlopedDistPV_Oahu_SlopedDistPV_11,2040,SlopedDistPV,Oahu,SUN,0,0,0
Oahu_SlopedDistPV_Oahu_SlopedDistPV_11,2045,SlopedDistPV,Oahu,SUN,0,0,0
Oahu_SlopedDistPV_Oahu_SlopedDistPV_11,2050,SlopedDistPV,Oahu,SUN,0,0,0
Oahu_SlopedDistPV_Oahu_SlopedDistPV_12,2020,SlopedDistPV,Oahu,SUN,17.1645,7.87516e+06,65160.2
Oahu_SlopedDistPV_Oahu_SlopedDistPV_12,2023,SlopedDistPV,Oahu,SUN,17.1645,7.87516e+06,65160.2
Oahu_SlopedDistPV_Oahu_SlopedDistPV_12,2025,SlopedDistPV,Oahu,SUN,17.1645,7.87516e+06,65160.2
Oahu_SlopedDistPV_Oahu_SlopedDistPV_12,2030,SlopedDistPV,Oahu,SUN,17.1645,7.87516e+06,65160.2
Oahu_SlopedDistPV_Oahu_SlopedDistPV_12,2035,SlopedDistPV,Oahu,SUN,17.1645,7.87516e+06,65160.2
Oahu_SlopedDistPV_Oahu_SlopedDistPV_12,2040,SlopedDistPV,Oahu,SUN,17.1645,7.87516e+06,65160.2
Oahu_SlopedDistPV_Oahu_SlopedDistPV_12,2045,SlopedDistPV,Oahu,SUN,6.43402,2.70514e+06,65160.2
Oahu_SlopedDistPV_Oahu_SlopedDistPV_12,2050,SlopedDistPV,Oahu,SUN,0,0,0
Oahu_SlopedDistPV_Oahu_SlopedDistPV_13,2020,SlopedDistPV,Oahu,SUN,0,0,0
Oahu_SlopedDistPV_Oahu_SlopedDistPV_13,2023,SlopedDistPV,Oahu,SUN,0,0,0
Oahu_SlopedDistPV_Oahu_SlopedDistPV_13,2025,SlopedDistPV,Oahu,SUN,0,0,0
Oahu_SlopedDistPV_Oahu_SlopedDistPV_13,2030,SlopedDistPV,Oahu,SUN,0,0,0
Oahu_SlopedDistPV_Oahu_SlopedDistPV_13,2035,SlopedDistPV,Oahu,SUN,0,0,0
Oahu_SlopedDistPV_Oahu_SlopedDistPV_13,2040,SlopedDistPV,Oahu,SUN,0,0,0
Oahu_SlopedDistPV_Oahu_SlopedDistPV_13,2045,SlopedDistPV,Oahu,SUN,0,0,0
Oahu_SlopedDistPV_Oahu_SlopedDistPV_13,2050,SlopedDistPV,Oahu,SUN,0,0,0
Oahu_SlopedDistPV_Oahu_SlopedDistPV_14,2020,SlopedDistPV,Oahu,SUN,0,0,0
Oahu_SlopedDistPV_Oahu_SlopedDistPV_14,2023,SlopedDistPV,Oahu,SUN,0,0,0
Oahu_SlopedDistPV_Oahu_SlopedDistPV_14,2025,SlopedDistPV,Oahu,SUN,0,0,0
Oahu_SlopedDistPV_Oahu_SlopedDistPV_14,2030,SlopedDistPV,Oahu,SUN,0,0,0
Oahu_SlopedDistPV_Oahu_SlopedDistPV_14,2035,SlopedDistPV,Oahu,SUN,0,0,0
Oahu_SlopedDistPV_Oahu_SlopedDistPV_14,2040,SlopedDistPV,Oahu,SUN,0,0,0
Oahu_SlopedDistPV_Oahu_SlopedDistPV_14,2045,SlopedDistPV,Oahu,SUN,0,0,0
Oahu_SlopedDistPV_Oahu_SlopedDistPV_14,2050,SlopedDistPV,Oahu,SUN,0,0,0
Oahu_SlopedDistPV_Oahu_SlopedDistPV_15,2020,SlopedDistPV,Oahu,SUN,0,0,0
Oahu_SlopedDistPV_Oahu_SlopedDistPV_15,2023,SlopedDistPV,Oahu,SUN,0,0,0
Oahu_SlopedDistPV_Oahu_SlopedDistPV_15,2025,SlopedDistPV,Oahu,SUN,0,0,0
Oahu_SlopedDistPV_Oahu_SlopedDistPV_15,2030,SlopedDistPV,Oahu,SUN,0,0,0
Oahu_SlopedDistPV_Oahu_SlopedDistPV_15,2035,SlopedDistPV,Oahu,SUN,0,0,0
Oahu_SlopedDistPV_Oahu_SlopedDistPV_15,2040,SlopedDistPV,Oahu,SUN,0,0,0
Oahu_SlopedDistPV_Oahu_SlopedDistPV_15,2045,SlopedDistPV,Oahu,SUN,0,0,0
Oahu_SlopedDistPV_Oahu_SlopedDistPV_15,2050,SlopedDistPV,Oahu,SUN,0,0,0
Oahu_SlopedDistPV_Oahu_SlopedDistPV_2,2020,SlopedDistPV,Oahu,SUN,0,0,0
Oahu_SlopedDistPV_Oahu_SlopedDistPV_2,2023,SlopedDistPV,Oahu,SUN,0,0,0
Oahu_SlopedDistPV_Oahu_SlopedDistPV_2,2025,SlopedDistPV,Oahu,SUN,0,0,0
Oahu_SlopedDistPV_Oahu_SlopedDistPV_2,2030,SlopedDistPV,Oahu,SUN,0,0,0
Oahu_SlopedDistPV_Oahu_SlopedDistPV_2,2035,SlopedDistPV,Oahu,SUN,0,0,0
Oahu_SlopedDistPV_Oahu_SlopedDistPV_2,2040,SlopedDistPV,Oahu,SUN,0,0,0
Oahu_SlopedDistPV_Oahu_SlopedDistPV_2,2045,SlopedDistPV,Oahu,SUN,0,0,0
Oahu_SlopedDistPV_Oahu_SlopedDistPV_2,2050,SlopedDistPV,Oahu,SUN,0,0,0
Oahu_SlopedDistPV_Oahu_SlopedDistPV_3,2020,SlopedDistPV,Oahu,SUN,40.46,1.85632e+07,153595
Oahu_SlopedDistPV_Oahu_SlopedDistPV_3,2023,SlopedDistPV,Oahu,SUN,40.46,1.85632e+07,153595
Oahu_SlopedDistPV_Oahu_SlopedDistPV_3,2025,SlopedDistPV,Oahu,SUN,40.46,1.85632e+07,153595
Oahu_SlopedDistPV_Oahu_SlopedDistPV_3,2030,SlopedDistPV,Oahu,SUN,40.46,1.85632e+07,153595
Oahu_SlopedDistPV_Oahu_SlopedDistPV_3,2035,SlopedDistPV,Oahu,SUN,40.46,1.85632e+07,153595
Oahu_SlopedDistPV_Oahu_SlopedDistPV_3,2040,SlopedDistPV,Oahu,SUN,40.46,1.85632e+07,153595
Oahu_SlopedDistPV_Oahu_SlopedDistPV_3,2045,SlopedDistPV,Oahu,SUN,15.1662,6.37651e+06,153595
Oahu_SlopedDistPV_Oahu_SlopedDistPV_3,2050,SlopedDistPV,Oahu,SUN,36.2695,3.8089e+06,242726
Oahu_SlopedDistPV_Oahu_SlopedDistPV_4,2020,SlopedDistPV,Oahu,SUN,0,0,0
Oahu_SlopedDistPV_Oahu_SlopedDistPV_4,2023,SlopedDistPV,Oahu,SUN,0,0,0
Oahu_SlopedDistPV_Oahu_SlopedDistPV_4,2025,SlopedDistPV,Oahu,SUN,0,0,0
Oahu_SlopedDistPV_Oahu_SlopedDistPV_4,2030,SlopedDistPV,Oahu,SUN,0,0,0
Oahu_SlopedDistPV_Oahu_SlopedDistPV_4,2035,SlopedDistPV,Oahu,SUN,0,0,0
Oahu_SlopedDistPV_Oahu_SlopedDistPV_4,2040,SlopedDistPV,Oahu,SUN,0,0,0
Oahu_SlopedDistPV_Oahu_SlopedDistPV_4,2045,SlopedDistPV,Oahu,SUN,0,0,0
Oahu_SlopedDistPV_Oahu_SlopedDistPV_4,2050,SlopedDistPV,Oahu,SUN,0,0,0
Oahu_SlopedDistPV_Oahu_SlopedDistPV_5,2020,SlopedDistPV,Oahu,SUN,39.6782,1.82045e+07,150627
Oahu_SlopedDistPV_Oahu_SlopedDistPV_5,2023,SlopedDistPV,Oahu,SUN,39.6782,1.82045e+07,150627
Oahu_SlopedDistPV_Oahu_SlopedDistPV_5,2025,SlopedDistPV,Oahu,SUN,39.6782,1.82045e+07,150627
Oahu_SlopedDistPV_Oahu_SlopedDistPV_5,2030,SlopedDistPV,Oahu,SUN,39.6782,1.82045e+07,150627
Oahu_SlopedDistPV_Oahu_SlopedDistPV_5,2035,SlopedDistPV,Oahu,SUN,39.6782,1.82045e+07,150627
Oahu_SlopedDistPV_Oahu_SlopedDistPV_5,2040,SlopedDistPV,Oahu,SUN,39.6782,1.82045e+07,150627
Oahu_SlopedDistPV_Oahu_SlopedDistPV_5,2045,SlopedDistPV,Oahu,SUN,14.8731,6.2533e+06,150627
Oahu_SlopedDistPV_Oahu_SlopedDistPV_5,2050,SlopedDistPV,Oahu,SUN,0,0,0
Oahu_SlopedDistPV_Oahu_SlopedDistPV_6,2020,SlopedDistPV,Oahu,SUN,33.2378,1.52496e+07,126178
Oahu_SlopedDistPV_Oahu_SlopedDistPV_6,2023,SlopedDistPV,Oahu,SUN,33.2378,1.52496e+07,126178
Oahu_SlopedDistPV_Oahu_SlopedDistPV_6,2025,SlopedDistPV,Oahu,SUN,33.2378,1.52496e+07,126178
Oahu_SlopedDistPV_Oahu_SlopedDistPV_6,2030,SlopedDistPV,Oahu,SUN,33.2378,1.52496e+07,126178
Oahu_SlopedDistPV_Oahu_SlopedDistPV_6,2035,SlopedDistPV,Oahu,SUN,33.2378,1.52496e+07,126178
Oahu_SlopedDistPV_Oahu_SlopedDistPV_6,2040,SlopedDistPV,Oahu,SUN,33.2378,1.52496e+07,126178
Oahu_SlopedDistPV_Oahu_SlopedDistPV_6,2045,SlopedDistPV,Oahu,SUN,12.459,5.23828e+06,126178
Oahu_SlopedDistPV_Oahu_SlopedDistPV_6,2050,SlopedDistPV,Oahu,SUN,130.56,1.3711e+07,873749
Oahu_SlopedDistPV_Oahu_SlopedDistPV_7,2020,SlopedDistPV,Oahu,SUN,31.6516,1.45219e+07,120156
Oahu_SlopedDistPV_Oahu_SlopedDistPV_7,2023,SlopedDistPV,Oahu,SUN,31.6516,1.45219e+07,120156
Oahu_SlopedDistPV_Oahu_SlopedDistPV_7,2025,SlopedDistPV,Oahu,SUN,31.6516,1.45219e+07,120156
Oahu_SlopedDistPV_Oahu_SlopedDistPV_7,2030,SlopedDistPV,Oahu,SUN,31.6516,1.45219e+07,120156
Oahu_SlopedDistPV_Oahu_SlopedDistPV_7,2035,SlopedDistPV,Oahu,SUN,31.6516,1.45219e+07,120156
Oahu_SlopedDistPV_Oahu_SlopedDistPV_7,2040,SlopedDistPV,Oahu,SUN,31.6516,1.45219e+07,120156
Oahu_SlopedDistPV_Oahu_SlopedDistPV_7,2045,SlopedDistPV,Oahu,SUN,11.8644,4.9883e+06,120156
Oahu_SlopedDistPV_Oahu_SlopedDistPV_7,2050,SlopedDistPV,Oahu,SUN,0,0,0
Oahu_SlopedDistPV_Oahu_SlopedDistPV_8,2020,SlopedDistPV,Oahu,SUN,22.033,1.01088e+07,83642.1
Oahu_SlopedDistPV_Oahu_SlopedDistPV_8,2023,SlopedDistPV,Oahu,SUN,22.033,1.01088e+07,83642.1
Oahu_SlopedDistPV_Oahu_SlopedDistPV_8,2025,SlopedDistPV,Oahu,SUN,22.033,1.01088e+07,83642.1
Oahu_SlopedDistPV_Oahu_SlopedDistPV_8,2030,SlopedDistPV,Oahu,SUN,22.033,1.01088e+07,83642.1
Oahu_SlopedDistPV_Oahu_SlopedDistPV_8,2035,SlopedDistPV,Oahu,SUN,22.033,1.01088e+07,83642.1
Oahu_SlopedDistPV_Oahu_SlopedDistPV_8,2040,SlopedDistPV,Oahu,SUN,22.033,1.01088e+07,83642.1
Oahu_SlopedDistPV_Oahu_SlopedDistPV_8,2045,SlopedDistPV,Oahu,SUN,8.25894,3.47241e+06,83642.1
Oahu_SlopedDistPV_Oahu_SlopedDistPV_8,2050,SlopedDistPV,Oahu,SUN,0,0,0
Oahu_SlopedDistPV_Oahu_SlopedDistPV_9,2020,SlopedDistPV,Oahu,SUN,32.3893,1.48604e+07,122957
Oahu_SlopedDistPV_Oahu_SlopedDistPV_9,2023,SlopedDistPV,Oahu,SUN,32.3893,1.48604e+07,122957
Oahu_SlopedDistPV_Oahu_SlopedDistPV_9,2025,SlopedDistPV,Oahu,SUN,32.3893,1.48604e+07,122957
Oahu_SlopedDistPV_Oahu_SlopedDistPV_9,2030,SlopedDistPV,Oahu,SUN,32.3893,1.48604e+07,122957
Oahu_SlopedDistPV_Oahu_SlopedDistPV_9,2035,SlopedDistPV,Oahu,SUN,32.3893,1.48604e+07,122957
Oahu_SlopedDistPV_Oahu_SlopedDistPV_9,2040,SlopedDistPV,Oahu,SUN,32.3893,1.48604e+07,122957
Oahu_SlopedDistPV_Oahu_SlopedDistPV_9,2045,SlopedDistPV,Oahu,SUN,12.1409,5.10457e+06,122957
Oahu_SlopedDistPV_Oahu_SlopedDistPV_9,2050,SlopedDistPV,Oahu,SUN,0,0,0
Oahu_Tesoro_Hawaii,2020,Tesoro_Hawaii,Oahu,multiple,20,692513,378518
Oahu_Tesoro_Hawaii,2023,Tesoro_Hawaii,Oahu,multiple,20,692513,378518
Oahu_Tesoro_Hawaii,2025,Tesoro_Hawaii,Oahu,multiple,20,692513,378518
Oahu_Tesoro_Hawaii,2030,Tesoro_Hawaii,Oahu,multiple,20,692513,378518
Oahu_Tesoro_Hawaii,2035,Tesoro_Hawaii,Oahu,multiple,20,692513,378518
Oahu_Tesoro_Hawaii,2040,Tesoro_Hawaii,Oahu,multiple,20,692513,378518
Oahu_Waiau_10,2020,Waiau_10,Oahu,multiple,49.9,1.73412e+06,944401
Oahu_Waiau_10,2023,Waiau_10,Oahu,multiple,49.9,1.73412e+06,944401
Oahu_Waiau_10,2025,Waiau_10,Oahu,multiple,49.9,1.73412e+06,944401
Oahu_Waiau_10,2030,Waiau_10,Oahu,multiple,49.9,1.73412e+06,944401
Oahu_Waiau_10,2035,Waiau_10,Oahu,multiple,49.9,1.73412e+06,944401
Oahu_Waiau_10,2040,Waiau_10,Oahu,multiple,49.9,1.73412e+06,944401
Oahu_Waiau_10,2045,Waiau_10,Oahu,multiple,49.9,1.73412e+06,944401
Oahu_Waiau_10,2050,Waiau_10,Oahu,multiple,49.9,1.73412e+06,944401
Oahu_Waiau_3,2020,Waiau_3,Oahu,multiple,46.6,1.62521e+06,497267
Oahu_Waiau_4,2020,Waiau_4,Oahu,multiple,46.6,1.62896e+06,497267
Oahu_Waiau_5,2020,Waiau_5,Oahu,multiple,54.5,1.91668e+06,581568
Oahu_Waiau_5,2023,Waiau_5,Oahu,multiple,54.5,1.91668e+06,581568
Oahu_Waiau_5,2025,Waiau_5,Oahu,multiple,54.5,1.91668e+06,581568
Oahu_Waiau_6,2020,Waiau_6,Oahu,multiple,53.5,1.88631e+06,570897
Oahu_Waiau_6,2023,Waiau_6,Oahu,multiple,53.5,1.88631e+06,570897
Oahu_Waiau_6,2025,Waiau_6,Oahu,multiple,53.5,1.88631e+06,570897
Oahu_Waiau_7,2020,Waiau_7,Oahu,multiple,82.9,2.9229e+06,884624
Oahu_Waiau_7,2023,Waiau_7,Oahu,multiple,82.9,2.9229e+06,884624
Oahu_Waiau_7,2025,Waiau_7,Oahu,multiple,82.9,2.9229e+06,884624
Oahu_Waiau_7,2030,Waiau_7,Oahu,multiple,82.9,2.9229e+06,884624
Oahu_Waiau_8,2020,Waiau_8,Oahu,multiple,86.1,3.04445e+06,918771
Oahu_Waiau_8,2023,Waiau_8,Oahu,multiple,86.1,3.04445e+06,918771
Oahu_Waiau_8,2025,Waiau_8,Oahu,multiple,86.1,3.04445e+06,918771
Oahu_Waiau_8,2030,Waiau_8,Oahu,multiple,86.1,3.04445e+06,918771
Oahu_Waiau_9,2020,Waiau_9,Oahu,multiple,52.9,1.83837e+06,1.00118e+06
Oahu_Waiau_9,2023,Waiau_9,Oahu,multiple,52.9,1.83837e+06,1.00118e+06
Oahu_Waiau_9,2025,Waiau_9,Oahu,multiple,52.9,1.83837e+06,1.00118e+06
Oahu_Waiau_9,2030,Waiau_9,Oahu,multiple,52.9,1.83837e+06,1.00118e+06
Oahu_Waiau_9,2035,Waiau_9,Oahu,multiple,52.9,1.83837e+06,1.00118e+06
Oahu_Waiau_9,2040,Waiau_9,Oahu,multiple,52.9,1.83837e+06,1.00118e+06
Oahu_Waiau_9,2045,Waiau_9,Oahu,multiple,52.9,1.83837e+06,1.00118e+06
Oahu_Waiau_9,2050,Waiau_9,Oahu,multiple,52.9,1.83837e+06,1.00118e+06
