GEN_BLD_YRS_1,GEN_BLD_YRS_2,BuildGen
Oahu_AES,1993,180.0
Oahu_Airport_DSG,2013,8.0
Oahu_Battery_Bulk,2020,0.0
Oahu_Battery_Bulk,2023,426.5
Oahu_Battery_Bulk,2025,172.0
Oahu_Battery_Bulk,2030,0.0
Oahu_Battery_Bulk,2035,0.0
Oahu_Battery_Bulk,2040,630.9644195738585
Oahu_Battery_Bulk,2045,255.1965295543946
Oahu_Battery_Bulk,2050,34.096692713128164
Oahu_Battery_Conting,2020,0.0
Oahu_Battery_Conting,2023,0.0
Oahu_Battery_Conting,2025,0.0
Oahu_Battery_Conting,2030,0.0
Oahu_Battery_Conting,2035,0.0
Oahu_Battery_Conting,2040,0.0
Oahu_Battery_Conting,2045,0.0
Oahu_Battery_Conting,2050,0.0
Oahu_Battery_Reg,2020,0.0
Oahu_Battery_Reg,2023,0.0
Oahu_Battery_Reg,2025,0.0
Oahu_Battery_Reg,2030,0.0
Oahu_Battery_Reg,2035,0.0
Oahu_Battery_Reg,2040,0.0
Oahu_Battery_Reg,2045,0.0
Oahu_Battery_Reg,2050,0.0
Oahu_CC_152,2020,0.0
Oahu_CC_152,2023,0.0
Oahu_CC_152,2025,0.0
Oahu_CC_152,2030,0.0
Oahu_CC_152,2035,0.0
Oahu_CC_152,2040,0.0
Oahu_CC_152,2045,0.0
Oahu_CC_152,2050,0.0
Oahu_CIP_CT,2009,113.0
Oahu_CentralTrackingPV_PV_01,2017,27.6
Oahu_CentralTrackingPV_PV_01,2020,0.0
Oahu_CentralTrackingPV_PV_01,2023,0.0
Oahu_CentralTrackingPV_PV_01,2025,0.0
Oahu_CentralTrackingPV_PV_01,2030,244.466085442376
Oahu_CentralTrackingPV_PV_01,2035,0.0
Oahu_CentralTrackingPV_PV_01,2040,0.0
Oahu_CentralTrackingPV_PV_01,2045,0.0
Oahu_CentralTrackingPV_PV_01,2050,0.0
Oahu_CentralTrackingPV_PV_02,2017,5.0
Oahu_CentralTrackingPV_PV_02,2020,5.0
Oahu_CentralTrackingPV_PV_02,2023,0.0
Oahu_CentralTrackingPV_PV_02,2025,0.0
Oahu_CentralTrackingPV_PV_02,2030,0.0
Oahu_CentralTrackingPV_PV_02,2035,0.0
Oahu_CentralTrackingPV_PV_02,2040,0.0
Oahu_CentralTrackingPV_PV_02,2045,0.0
Oahu_CentralTrackingPV_PV_02,2050,0.0
Oahu_CentralTrackingPV_PV_03,2012,1.0
Oahu_CentralTrackingPV_PV_03,2020,0.0
Oahu_CentralTrackingPV_PV_03,2023,0.0
Oahu_CentralTrackingPV_PV_03,2025,0.0
Oahu_CentralTrackingPV_PV_03,2030,0.0
Oahu_CentralTrackingPV_PV_03,2035,0.0
Oahu_CentralTrackingPV_PV_03,2040,0.0
Oahu_CentralTrackingPV_PV_03,2045,0.0
Oahu_CentralTrackingPV_PV_03,2050,0.0
Oahu_CentralTrackingPV_PV_04,2012,5.0
Oahu_CentralTrackingPV_PV_04,2014,5.0
Oahu_CentralTrackingPV_PV_04,2020,0.0
Oahu_CentralTrackingPV_PV_04,2023,236.034665955004
Oahu_CentralTrackingPV_PV_04,2025,0.0
Oahu_CentralTrackingPV_PV_04,2030,0.0
Oahu_CentralTrackingPV_PV_04,2035,0.0
Oahu_CentralTrackingPV_PV_04,2040,0.0
Oahu_CentralTrackingPV_PV_04,2045,0.0
Oahu_CentralTrackingPV_PV_04,2050,0.0
Oahu_CentralTrackingPV_PV_05,2020,20.0
Oahu_CentralTrackingPV_PV_05,2023,14.1890525823313
Oahu_CentralTrackingPV_PV_05,2025,0.0
Oahu_CentralTrackingPV_PV_05,2030,0.0
Oahu_CentralTrackingPV_PV_05,2035,0.0
Oahu_CentralTrackingPV_PV_05,2040,0.0
Oahu_CentralTrackingPV_PV_05,2045,0.0
Oahu_CentralTrackingPV_PV_05,2050,0.0
Oahu_CentralTrackingPV_PV_06,2012,1.0
Oahu_CentralTrackingPV_PV_06,2020,0.0
Oahu_CentralTrackingPV_PV_06,2023,0.0
Oahu_CentralTrackingPV_PV_06,2025,0.0
Oahu_CentralTrackingPV_PV_06,2030,0.0
Oahu_CentralTrackingPV_PV_06,2035,0.0
Oahu_CentralTrackingPV_PV_06,2040,0.0
Oahu_CentralTrackingPV_PV_06,2045,0.0
Oahu_CentralTrackingPV_PV_06,2050,0.0
Oahu_CentralTrackingPV_PV_07,2016,6.5
Oahu_CentralTrackingPV_PV_07,2020,60.6
Oahu_CentralTrackingPV_PV_07,2023,0.0
Oahu_CentralTrackingPV_PV_07,2025,0.0
Oahu_CentralTrackingPV_PV_07,2030,0.0
Oahu_CentralTrackingPV_PV_07,2035,0.0
Oahu_CentralTrackingPV_PV_07,2040,0.0
Oahu_CentralTrackingPV_PV_07,2045,0.0
Oahu_CentralTrackingPV_PV_07,2050,0.0
Oahu_CentralTrackingPV_PV_08,2020,0.0
Oahu_CentralTrackingPV_PV_08,2023,0.0
Oahu_CentralTrackingPV_PV_08,2025,0.0
Oahu_CentralTrackingPV_PV_08,2030,0.0
Oahu_CentralTrackingPV_PV_08,2035,0.0
Oahu_CentralTrackingPV_PV_08,2040,0.0
Oahu_CentralTrackingPV_PV_08,2045,0.0
Oahu_CentralTrackingPV_PV_08,2050,0.0
Oahu_CentralTrackingPV_PV_09,2020,0.0
Oahu_CentralTrackingPV_PV_09,2023,0.0
Oahu_CentralTrackingPV_PV_09,2025,0.0
Oahu_CentralTrackingPV_PV_09,2030,0.0
Oahu_CentralTrackingPV_PV_09,2035,0.0
Oahu_CentralTrackingPV_PV_09,2040,0.0
Oahu_CentralTrackingPV_PV_09,2045,0.0
Oahu_CentralTrackingPV_PV_09,2050,0.0
Oahu_CentralTrackingPV_PV_10,2020,0.0
Oahu_CentralTrackingPV_PV_10,2023,0.0
Oahu_CentralTrackingPV_PV_10,2025,0.0
Oahu_CentralTrackingPV_PV_10,2030,128.002817854415
Oahu_CentralTrackingPV_PV_10,2035,28.936809849279133
Oahu_CentralTrackingPV_PV_10,2040,70.205672805096
Oahu_CentralTrackingPV_PV_10,2045,916.9375575293006
Oahu_CentralTrackingPV_PV_10,2050,102.05041787592859
Oahu_CentralTrackingPV_PV_11,2020,49.0
Oahu_CentralTrackingPV_PV_11,2023,0.0
Oahu_CentralTrackingPV_PV_11,2025,94.85204766164372
Oahu_CentralTrackingPV_PV_11,2030,202.5398265651233
Oahu_CentralTrackingPV_PV_11,2035,0.0
Oahu_CentralTrackingPV_PV_11,2040,0.0
Oahu_CentralTrackingPV_PV_11,2045,0.0
Oahu_CentralTrackingPV_PV_11,2050,49.0
Oahu_CentralTrackingPV_PV_12,2020,0.0
Oahu_CentralTrackingPV_PV_12,2023,14.776281462664713
Oahu_CentralTrackingPV_PV_12,2025,232.14795233835628
Oahu_CentralTrackingPV_PV_12,2030,0.0
Oahu_CentralTrackingPV_PV_12,2035,0.0
Oahu_CentralTrackingPV_PV_12,2040,0.0
Oahu_CentralTrackingPV_PV_12,2045,0.0
Oahu_CentralTrackingPV_PV_12,2050,0.0
Oahu_CentralTrackingPV_PV_13,2020,0.0
Oahu_CentralTrackingPV_PV_13,2023,0.0
Oahu_CentralTrackingPV_PV_13,2025,0.0
Oahu_CentralTrackingPV_PV_13,2030,489.409195046695
Oahu_CentralTrackingPV_PV_13,2035,0.0
Oahu_CentralTrackingPV_PV_13,2040,0.0
Oahu_CentralTrackingPV_PV_13,2045,0.0
Oahu_CentralTrackingPV_PV_13,2050,0.0
Oahu_CentralTrackingPV_PV_14,2020,0.0
Oahu_CentralTrackingPV_PV_14,2023,0.0
Oahu_CentralTrackingPV_PV_14,2025,0.0
Oahu_CentralTrackingPV_PV_14,2030,0.0
Oahu_CentralTrackingPV_PV_14,2035,0.0
Oahu_CentralTrackingPV_PV_14,2040,0.0
Oahu_CentralTrackingPV_PV_14,2045,103.340691037825
Oahu_CentralTrackingPV_PV_14,2050,0.0
Oahu_CentralTrackingPV_PV_15,2020,0.0
Oahu_CentralTrackingPV_PV_15,2023,0.0
Oahu_CentralTrackingPV_PV_15,2025,0.0
Oahu_CentralTrackingPV_PV_15,2030,0.0
Oahu_CentralTrackingPV_PV_15,2035,0.0
Oahu_CentralTrackingPV_PV_15,2040,0.0
Oahu_CentralTrackingPV_PV_15,2045,229.8290412365916
Oahu_CentralTrackingPV_PV_15,2050,22.6495821240714
Oahu_CentralTrackingPV_PV_16,2020,0.0
Oahu_CentralTrackingPV_PV_16,2023,0.0
Oahu_CentralTrackingPV_PV_16,2025,0.0
Oahu_CentralTrackingPV_PV_16,2030,80.62793703930662
Oahu_CentralTrackingPV_PV_16,2035,86.68137127800769
Oahu_CentralTrackingPV_PV_16,2040,87.06747681156772
Oahu_CentralTrackingPV_PV_16,2045,0.0
Oahu_CentralTrackingPV_PV_16,2050,0.0
Oahu_CentralTrackingPV_PV_17,2020,0.0
Oahu_CentralTrackingPV_PV_17,2023,0.0
Oahu_CentralTrackingPV_PV_17,2025,0.0
Oahu_CentralTrackingPV_PV_17,2030,0.0
Oahu_CentralTrackingPV_PV_17,2035,0.0
Oahu_CentralTrackingPV_PV_17,2040,0.0
Oahu_CentralTrackingPV_PV_17,2045,8.01186714308542
Oahu_CentralTrackingPV_PV_17,2050,0.0
Oahu_CentralTrackingPV_PV_18,2020,0.0
Oahu_CentralTrackingPV_PV_18,2023,0.0
Oahu_CentralTrackingPV_PV_18,2025,0.0
Oahu_CentralTrackingPV_PV_18,2030,0.0
Oahu_CentralTrackingPV_PV_18,2035,0.0
Oahu_CentralTrackingPV_PV_18,2040,0.0
Oahu_CentralTrackingPV_PV_18,2045,0.0
Oahu_CentralTrackingPV_PV_18,2050,0.0
Oahu_DistBattery,2020,38.097
Oahu_DistBattery,2023,25.796
Oahu_DistBattery,2025,8.274000000000001
Oahu_DistBattery,2030,33.387
Oahu_DistBattery,2035,82.986
Oahu_DistBattery,2040,82.792
Oahu_DistBattery,2045,84.50999999999999
Oahu_DistBattery,2050,82.98599999999999
Oahu_FlatDistPV_Oahu_FlatDistPV_0,2020,0.0
Oahu_FlatDistPV_Oahu_FlatDistPV_0,2023,0.0
Oahu_FlatDistPV_Oahu_FlatDistPV_0,2025,0.0
Oahu_FlatDistPV_Oahu_FlatDistPV_0,2030,0.0
Oahu_FlatDistPV_Oahu_FlatDistPV_0,2035,0.0
Oahu_FlatDistPV_Oahu_FlatDistPV_0,2040,0.0
Oahu_FlatDistPV_Oahu_FlatDistPV_0,2045,0.0
Oahu_FlatDistPV_Oahu_FlatDistPV_0,2050,0.0
Oahu_FlatDistPV_Oahu_FlatDistPV_1,2013,9.88703116055064
Oahu_FlatDistPV_Oahu_FlatDistPV_1,2014,5.78753043544428
Oahu_FlatDistPV_Oahu_FlatDistPV_1,2015,3.25041975436016
Oahu_FlatDistPV_Oahu_FlatDistPV_1,2016,6.79264776596962
Oahu_FlatDistPV_Oahu_FlatDistPV_1,2017,6.76427751873704
Oahu_FlatDistPV_Oahu_FlatDistPV_1,2018,14.3127897288316
Oahu_FlatDistPV_Oahu_FlatDistPV_1,2019,2.88971232526034
Oahu_FlatDistPV_Oahu_FlatDistPV_1,2020,25.4359530902299
Oahu_FlatDistPV_Oahu_FlatDistPV_1,2023,0.0
Oahu_FlatDistPV_Oahu_FlatDistPV_1,2025,0.0
Oahu_FlatDistPV_Oahu_FlatDistPV_1,2030,0.0
Oahu_FlatDistPV_Oahu_FlatDistPV_1,2035,26.069224269350315
Oahu_FlatDistPV_Oahu_FlatDistPV_1,2040,68.0113539656883
Oahu_FlatDistPV_Oahu_FlatDistPV_1,2045,25.67826836519788
Oahu_FlatDistPV_Oahu_FlatDistPV_1,2050,56.19538042902852
Oahu_FlatDistPV_Oahu_FlatDistPV_2,2013,38.9029688394494
Oahu_FlatDistPV_Oahu_FlatDistPV_2,2014,22.7724695645557
Oahu_FlatDistPV_Oahu_FlatDistPV_2,2015,12.7895802456398
Oahu_FlatDistPV_Oahu_FlatDistPV_2,2016,26.7273522340304
Oahu_FlatDistPV_Oahu_FlatDistPV_2,2017,26.615722481263
Oahu_FlatDistPV_Oahu_FlatDistPV_2,2018,56.3172102711684
Oahu_FlatDistPV_Oahu_FlatDistPV_2,2019,11.3702876747397
Oahu_FlatDistPV_Oahu_FlatDistPV_2,2020,100.08404690977
Oahu_FlatDistPV_Oahu_FlatDistPV_2,2023,71.513
Oahu_FlatDistPV_Oahu_FlatDistPV_2,2025,47.409
Oahu_FlatDistPV_Oahu_FlatDistPV_2,2030,141.73
Oahu_FlatDistPV_Oahu_FlatDistPV_2,2035,136.1037757306497
Oahu_FlatDistPV_Oahu_FlatDistPV_2,2040,0.0
Oahu_FlatDistPV_Oahu_FlatDistPV_2,2045,74.46501864964489
Oahu_FlatDistPV_Oahu_FlatDistPV_2,2050,221.1146195709714
Oahu_FlatDistPV_Oahu_FlatDistPV_3,2020,0.0
Oahu_FlatDistPV_Oahu_FlatDistPV_3,2023,0.0
Oahu_FlatDistPV_Oahu_FlatDistPV_3,2025,0.0
Oahu_FlatDistPV_Oahu_FlatDistPV_3,2030,0.0
Oahu_FlatDistPV_Oahu_FlatDistPV_3,2035,0.0
Oahu_FlatDistPV_Oahu_FlatDistPV_3,2040,0.0
Oahu_FlatDistPV_Oahu_FlatDistPV_3,2045,0.0
Oahu_FlatDistPV_Oahu_FlatDistPV_3,2050,0.0
Oahu_H-Power,1989,73.0
Oahu_Hawaii_Cogen,1982,12.2
Oahu_IC_Barge,2020,0.0
Oahu_IC_Barge,2023,0.0
Oahu_IC_Barge,2025,0.0
Oahu_IC_Barge,2030,0.0
Oahu_IC_Barge,2035,0.0
Oahu_IC_Barge,2040,0.0
Oahu_IC_Barge,2045,0.0
Oahu_IC_Barge,2050,0.0
Oahu_IC_MCBH,2020,0.0
Oahu_IC_MCBH,2023,0.0
Oahu_IC_MCBH,2025,0.0
Oahu_IC_MCBH,2030,0.0
Oahu_IC_MCBH,2035,0.0
Oahu_IC_MCBH,2040,0.0
Oahu_IC_MCBH,2045,0.0
Oahu_IC_MCBH,2050,0.0
Oahu_IC_Schofield,2018,48.84
Oahu_IC_Schofield,2020,0.0
Oahu_IC_Schofield,2023,0.0
Oahu_IC_Schofield,2025,0.0
Oahu_IC_Schofield,2030,0.0
Oahu_IC_Schofield,2035,0.0
Oahu_IC_Schofield,2040,0.0
Oahu_IC_Schofield,2045,0.0
Oahu_IC_Schofield,2050,0.0
Oahu_Kahe_1,1963,82.1
Oahu_Kahe_2,1964,82.1
Oahu_Kahe_3,1970,86.1
Oahu_Kahe_4,1972,85.3
Oahu_Kahe_5,1974,134.3
Oahu_Kahe_6,1981,134.4
Oahu_Kalaeloa_CC1,1989,90.0
Oahu_Kalaeloa_CC2,1991,90.0
Oahu_Kalaeloa_CC3,1991,28.0
Oahu_OffshoreWind_OffWind,2020,0.0
Oahu_OffshoreWind_OffWind,2023,0.0
Oahu_OffshoreWind_OffWind,2025,0.0
Oahu_OffshoreWind_OffWind,2030,0.0
Oahu_OffshoreWind_OffWind,2035,0.0
Oahu_OffshoreWind_OffWind,2040,0.0
Oahu_OffshoreWind_OffWind,2045,278.90390083355135
Oahu_OffshoreWind_OffWind,2050,691.6273478165297
Oahu_OnshoreWind_OnWind_101,2020,0.0
Oahu_OnshoreWind_OnWind_101,2023,0.0
Oahu_OnshoreWind_OnWind_101,2025,0.0
Oahu_OnshoreWind_OnWind_101,2030,0.0
Oahu_OnshoreWind_OnWind_101,2035,0.0
Oahu_OnshoreWind_OnWind_101,2040,0.0
Oahu_OnshoreWind_OnWind_101,2045,0.0
Oahu_OnshoreWind_OnWind_101,2050,0.0
Oahu_OnshoreWind_OnWind_102,2020,0.0
Oahu_OnshoreWind_OnWind_102,2023,0.0
Oahu_OnshoreWind_OnWind_102,2025,0.0
Oahu_OnshoreWind_OnWind_102,2030,0.0
Oahu_OnshoreWind_OnWind_102,2035,0.0
Oahu_OnshoreWind_OnWind_102,2040,0.0
Oahu_OnshoreWind_OnWind_102,2045,0.0
Oahu_OnshoreWind_OnWind_102,2050,0.0
Oahu_OnshoreWind_OnWind_103,2020,0.0
Oahu_OnshoreWind_OnWind_103,2023,0.0
Oahu_OnshoreWind_OnWind_103,2025,0.0
Oahu_OnshoreWind_OnWind_103,2030,0.0
Oahu_OnshoreWind_OnWind_103,2035,0.0
Oahu_OnshoreWind_OnWind_103,2040,0.0
Oahu_OnshoreWind_OnWind_103,2045,0.0
Oahu_OnshoreWind_OnWind_103,2050,0.0
Oahu_OnshoreWind_OnWind_104,2020,0.0
Oahu_OnshoreWind_OnWind_104,2023,0.0
Oahu_OnshoreWind_OnWind_104,2025,0.0
Oahu_OnshoreWind_OnWind_104,2030,0.0
Oahu_OnshoreWind_OnWind_104,2035,0.0
Oahu_OnshoreWind_OnWind_104,2040,0.0
Oahu_OnshoreWind_OnWind_104,2045,0.0
Oahu_OnshoreWind_OnWind_104,2050,0.0
Oahu_OnshoreWind_OnWind_105,2020,0.0
Oahu_OnshoreWind_OnWind_105,2023,0.0
Oahu_OnshoreWind_OnWind_105,2025,0.0
Oahu_OnshoreWind_OnWind_105,2030,0.0
Oahu_OnshoreWind_OnWind_105,2035,0.0
Oahu_OnshoreWind_OnWind_105,2040,0.0
Oahu_OnshoreWind_OnWind_105,2045,0.0
Oahu_OnshoreWind_OnWind_105,2050,0.0
Oahu_OnshoreWind_OnWind_106,2020,0.0
Oahu_OnshoreWind_OnWind_106,2023,0.0
Oahu_OnshoreWind_OnWind_106,2025,0.0
Oahu_OnshoreWind_OnWind_106,2030,0.0
Oahu_OnshoreWind_OnWind_106,2035,0.0
Oahu_OnshoreWind_OnWind_106,2040,0.0
Oahu_OnshoreWind_OnWind_106,2045,0.0
Oahu_OnshoreWind_OnWind_106,2050,0.0
Oahu_OnshoreWind_OnWind_107,2020,0.0
Oahu_OnshoreWind_OnWind_107,2023,0.0
Oahu_OnshoreWind_OnWind_107,2025,0.0
Oahu_OnshoreWind_OnWind_107,2030,0.0
Oahu_OnshoreWind_OnWind_107,2035,0.0
Oahu_OnshoreWind_OnWind_107,2040,0.0
Oahu_OnshoreWind_OnWind_107,2045,0.0
Oahu_OnshoreWind_OnWind_107,2050,0.0
Oahu_OnshoreWind_OnWind_201,2020,0.0
Oahu_OnshoreWind_OnWind_201,2023,0.0
Oahu_OnshoreWind_OnWind_201,2025,0.0
Oahu_OnshoreWind_OnWind_201,2030,0.0
Oahu_OnshoreWind_OnWind_201,2035,0.0
Oahu_OnshoreWind_OnWind_201,2040,0.0
Oahu_OnshoreWind_OnWind_201,2045,0.0
Oahu_OnshoreWind_OnWind_201,2050,0.0
Oahu_OnshoreWind_OnWind_202,2020,0.0
Oahu_OnshoreWind_OnWind_202,2023,0.0
Oahu_OnshoreWind_OnWind_202,2025,0.0
Oahu_OnshoreWind_OnWind_202,2030,0.0
Oahu_OnshoreWind_OnWind_202,2035,0.0
Oahu_OnshoreWind_OnWind_202,2040,0.0
Oahu_OnshoreWind_OnWind_202,2045,0.0
Oahu_OnshoreWind_OnWind_202,2050,0.0
Oahu_OnshoreWind_OnWind_203,2020,0.0
Oahu_OnshoreWind_OnWind_203,2023,0.0
Oahu_OnshoreWind_OnWind_203,2025,0.0
Oahu_OnshoreWind_OnWind_203,2030,0.0
Oahu_OnshoreWind_OnWind_203,2035,0.0
Oahu_OnshoreWind_OnWind_203,2040,0.0
Oahu_OnshoreWind_OnWind_203,2045,0.0
Oahu_OnshoreWind_OnWind_203,2050,0.0
Oahu_OnshoreWind_OnWind_204,2020,0.0
Oahu_OnshoreWind_OnWind_204,2023,0.0
Oahu_OnshoreWind_OnWind_204,2025,0.0
Oahu_OnshoreWind_OnWind_204,2030,0.0
Oahu_OnshoreWind_OnWind_204,2035,0.0
Oahu_OnshoreWind_OnWind_204,2040,0.0
Oahu_OnshoreWind_OnWind_204,2045,0.0
Oahu_OnshoreWind_OnWind_204,2050,0.0
Oahu_OnshoreWind_OnWind_205,2020,0.0
Oahu_OnshoreWind_OnWind_205,2023,0.0
Oahu_OnshoreWind_OnWind_205,2025,0.0
Oahu_OnshoreWind_OnWind_205,2030,0.0
Oahu_OnshoreWind_OnWind_205,2035,0.0
Oahu_OnshoreWind_OnWind_205,2040,0.0
Oahu_OnshoreWind_OnWind_205,2045,0.0
Oahu_OnshoreWind_OnWind_205,2050,0.0
Oahu_OnshoreWind_OnWind_206,2020,0.0
Oahu_OnshoreWind_OnWind_206,2023,0.0
Oahu_OnshoreWind_OnWind_206,2025,0.0
Oahu_OnshoreWind_OnWind_206,2030,0.0
Oahu_OnshoreWind_OnWind_206,2035,0.0
Oahu_OnshoreWind_OnWind_206,2040,0.0
Oahu_OnshoreWind_OnWind_206,2045,0.0
Oahu_OnshoreWind_OnWind_206,2050,0.0
Oahu_OnshoreWind_OnWind_207,2020,0.0
Oahu_OnshoreWind_OnWind_207,2023,0.0
Oahu_OnshoreWind_OnWind_207,2025,0.0
Oahu_OnshoreWind_OnWind_207,2030,0.0
Oahu_OnshoreWind_OnWind_207,2035,0.0
Oahu_OnshoreWind_OnWind_207,2040,0.0
Oahu_OnshoreWind_OnWind_207,2045,0.0
Oahu_OnshoreWind_OnWind_207,2050,0.0
Oahu_OnshoreWind_OnWind_208,2020,0.0
Oahu_OnshoreWind_OnWind_208,2023,0.0
Oahu_OnshoreWind_OnWind_208,2025,0.0
Oahu_OnshoreWind_OnWind_208,2030,0.0
Oahu_OnshoreWind_OnWind_208,2035,0.0
Oahu_OnshoreWind_OnWind_208,2040,0.0
Oahu_OnshoreWind_OnWind_208,2045,0.0
Oahu_OnshoreWind_OnWind_208,2050,0.0
Oahu_OnshoreWind_OnWind_209,2020,0.0
Oahu_OnshoreWind_OnWind_209,2023,0.0
Oahu_OnshoreWind_OnWind_209,2025,0.0
Oahu_OnshoreWind_OnWind_209,2030,0.0
Oahu_OnshoreWind_OnWind_209,2035,0.0
Oahu_OnshoreWind_OnWind_209,2040,0.0
Oahu_OnshoreWind_OnWind_209,2045,0.0
Oahu_OnshoreWind_OnWind_209,2050,0.0
Oahu_OnshoreWind_OnWind_301,2020,0.0
Oahu_OnshoreWind_OnWind_301,2023,0.0
Oahu_OnshoreWind_OnWind_301,2025,0.0
Oahu_OnshoreWind_OnWind_301,2030,0.0
Oahu_OnshoreWind_OnWind_301,2035,0.0
Oahu_OnshoreWind_OnWind_301,2040,0.0
Oahu_OnshoreWind_OnWind_301,2045,0.0
Oahu_OnshoreWind_OnWind_301,2050,0.0
Oahu_OnshoreWind_OnWind_302,2020,0.0
Oahu_OnshoreWind_OnWind_302,2023,0.0
Oahu_OnshoreWind_OnWind_302,2025,0.0
Oahu_OnshoreWind_OnWind_302,2030,0.0
Oahu_OnshoreWind_OnWind_302,2035,0.0
Oahu_OnshoreWind_OnWind_302,2040,0.0
Oahu_OnshoreWind_OnWind_302,2045,0.0
Oahu_OnshoreWind_OnWind_302,2050,0.0
Oahu_OnshoreWind_OnWind_303,2020,0.0
Oahu_OnshoreWind_OnWind_303,2023,0.0
Oahu_OnshoreWind_OnWind_303,2025,0.0
Oahu_OnshoreWind_OnWind_303,2030,0.0
Oahu_OnshoreWind_OnWind_303,2035,0.0
Oahu_OnshoreWind_OnWind_303,2040,0.0
Oahu_OnshoreWind_OnWind_303,2045,0.0
Oahu_OnshoreWind_OnWind_303,2050,0.0
Oahu_OnshoreWind_OnWind_304,2020,0.0
Oahu_OnshoreWind_OnWind_304,2023,0.0
Oahu_OnshoreWind_OnWind_304,2025,0.0
Oahu_OnshoreWind_OnWind_304,2030,0.0
Oahu_OnshoreWind_OnWind_304,2035,0.0
Oahu_OnshoreWind_OnWind_304,2040,0.0
Oahu_OnshoreWind_OnWind_304,2045,0.0
Oahu_OnshoreWind_OnWind_304,2050,0.0
Oahu_OnshoreWind_OnWind_305,2020,0.0
Oahu_OnshoreWind_OnWind_305,2023,0.0
Oahu_OnshoreWind_OnWind_305,2025,0.0
Oahu_OnshoreWind_OnWind_305,2030,0.0
Oahu_OnshoreWind_OnWind_305,2035,0.0
Oahu_OnshoreWind_OnWind_305,2040,0.0
Oahu_OnshoreWind_OnWind_305,2045,31.471720619345206
Oahu_OnshoreWind_OnWind_305,2050,0.0
Oahu_OnshoreWind_OnWind_306,2020,0.0
Oahu_OnshoreWind_OnWind_306,2023,0.0
Oahu_OnshoreWind_OnWind_306,2025,0.0
Oahu_OnshoreWind_OnWind_306,2030,0.0
Oahu_OnshoreWind_OnWind_306,2035,0.0
Oahu_OnshoreWind_OnWind_306,2040,0.0
Oahu_OnshoreWind_OnWind_306,2045,0.0
Oahu_OnshoreWind_OnWind_306,2050,0.0
Oahu_OnshoreWind_OnWind_307,2020,0.0
Oahu_OnshoreWind_OnWind_307,2023,0.0
Oahu_OnshoreWind_OnWind_307,2025,0.0
Oahu_OnshoreWind_OnWind_307,2030,0.0
Oahu_OnshoreWind_OnWind_307,2035,0.0
Oahu_OnshoreWind_OnWind_307,2040,0.0
Oahu_OnshoreWind_OnWind_307,2045,0.0
Oahu_OnshoreWind_OnWind_307,2050,0.0
Oahu_OnshoreWind_OnWind_308,2020,0.0
Oahu_OnshoreWind_OnWind_308,2023,0.0
Oahu_OnshoreWind_OnWind_308,2025,0.0
Oahu_OnshoreWind_OnWind_308,2030,0.0
Oahu_OnshoreWind_OnWind_308,2035,0.0
Oahu_OnshoreWind_OnWind_308,2040,0.0
Oahu_OnshoreWind_OnWind_308,2045,0.0
Oahu_OnshoreWind_OnWind_308,2050,0.0
Oahu_OnshoreWind_OnWind_309,2020,0.0
Oahu_OnshoreWind_OnWind_309,2023,0.0
Oahu_OnshoreWind_OnWind_309,2025,0.0
Oahu_OnshoreWind_OnWind_309,2030,0.0
Oahu_OnshoreWind_OnWind_309,2035,0.0
Oahu_OnshoreWind_OnWind_309,2040,0.0
Oahu_OnshoreWind_OnWind_309,2045,0.0
Oahu_OnshoreWind_OnWind_309,2050,0.0
Oahu_OnshoreWind_OnWind_401,2020,0.0
Oahu_OnshoreWind_OnWind_401,2023,0.0
Oahu_OnshoreWind_OnWind_401,2025,0.0
Oahu_OnshoreWind_OnWind_401,2030,0.0
Oahu_OnshoreWind_OnWind_401,2035,0.0
Oahu_OnshoreWind_OnWind_401,2040,0.0
Oahu_OnshoreWind_OnWind_401,2045,0.0
Oahu_OnshoreWind_OnWind_401,2050,0.0
Oahu_OnshoreWind_OnWind_402,2020,0.0
Oahu_OnshoreWind_OnWind_402,2023,0.0
Oahu_OnshoreWind_OnWind_402,2025,0.0
Oahu_OnshoreWind_OnWind_402,2030,0.0
Oahu_OnshoreWind_OnWind_402,2035,0.0
Oahu_OnshoreWind_OnWind_402,2040,0.0
Oahu_OnshoreWind_OnWind_402,2045,0.0
Oahu_OnshoreWind_OnWind_402,2050,0.0
Oahu_OnshoreWind_OnWind_403,2020,0.0
Oahu_OnshoreWind_OnWind_403,2023,0.0
Oahu_OnshoreWind_OnWind_403,2025,0.0
Oahu_OnshoreWind_OnWind_403,2030,0.0
Oahu_OnshoreWind_OnWind_403,2035,0.0
Oahu_OnshoreWind_OnWind_403,2040,0.0
Oahu_OnshoreWind_OnWind_403,2045,0.0
Oahu_OnshoreWind_OnWind_403,2050,0.0
Oahu_OnshoreWind_OnWind_404,2020,0.0
Oahu_OnshoreWind_OnWind_404,2023,0.0
Oahu_OnshoreWind_OnWind_404,2025,0.0
Oahu_OnshoreWind_OnWind_404,2030,0.0
Oahu_OnshoreWind_OnWind_404,2035,0.0
Oahu_OnshoreWind_OnWind_404,2040,0.0
Oahu_OnshoreWind_OnWind_404,2045,0.0
Oahu_OnshoreWind_OnWind_404,2050,0.0
Oahu_OnshoreWind_OnWind_405,2020,0.0
Oahu_OnshoreWind_OnWind_405,2023,0.0
Oahu_OnshoreWind_OnWind_405,2025,0.0
Oahu_OnshoreWind_OnWind_405,2030,0.0
Oahu_OnshoreWind_OnWind_405,2035,0.0
Oahu_OnshoreWind_OnWind_405,2040,0.0
Oahu_OnshoreWind_OnWind_405,2045,0.0
Oahu_OnshoreWind_OnWind_405,2050,0.0
Oahu_OnshoreWind_OnWind_406,2020,0.0
Oahu_OnshoreWind_OnWind_406,2023,0.0
Oahu_OnshoreWind_OnWind_406,2025,0.0
Oahu_OnshoreWind_OnWind_406,2030,0.0
Oahu_OnshoreWind_OnWind_406,2035,0.0
Oahu_OnshoreWind_OnWind_406,2040,0.0
Oahu_OnshoreWind_OnWind_406,2045,0.0
Oahu_OnshoreWind_OnWind_406,2050,0.0
Oahu_OnshoreWind_OnWind_407,2020,0.0
Oahu_OnshoreWind_OnWind_407,2023,0.0
Oahu_OnshoreWind_OnWind_407,2025,0.0
Oahu_OnshoreWind_OnWind_407,2030,0.0
Oahu_OnshoreWind_OnWind_407,2035,0.0
Oahu_OnshoreWind_OnWind_407,2040,0.0
Oahu_OnshoreWind_OnWind_407,2045,0.0
Oahu_OnshoreWind_OnWind_407,2050,0.0
Oahu_OnshoreWind_OnWind_408,2020,0.0
Oahu_OnshoreWind_OnWind_408,2023,0.0
Oahu_OnshoreWind_OnWind_408,2025,0.0
Oahu_OnshoreWind_OnWind_408,2030,0.0
Oahu_OnshoreWind_OnWind_408,2035,0.0
Oahu_OnshoreWind_OnWind_408,2040,0.0
Oahu_OnshoreWind_OnWind_408,2045,0.0
Oahu_OnshoreWind_OnWind_408,2050,0.0
Oahu_OnshoreWind_OnWind_409,2020,0.0
Oahu_OnshoreWind_OnWind_409,2023,0.0
Oahu_OnshoreWind_OnWind_409,2025,0.0
Oahu_OnshoreWind_OnWind_409,2030,0.0
Oahu_OnshoreWind_OnWind_409,2035,0.0
Oahu_OnshoreWind_OnWind_409,2040,0.0
Oahu_OnshoreWind_OnWind_409,2045,0.0
Oahu_OnshoreWind_OnWind_409,2050,0.0
Oahu_OnshoreWind_OnWind_410,2020,0.0
Oahu_OnshoreWind_OnWind_410,2023,0.0
Oahu_OnshoreWind_OnWind_410,2025,0.0
Oahu_OnshoreWind_OnWind_410,2030,0.0
Oahu_OnshoreWind_OnWind_410,2035,0.0
Oahu_OnshoreWind_OnWind_410,2040,0.0
Oahu_OnshoreWind_OnWind_410,2045,0.0
Oahu_OnshoreWind_OnWind_410,2050,0.0
Oahu_OnshoreWind_OnWind_501,2020,0.0
Oahu_OnshoreWind_OnWind_501,2023,24.0
Oahu_OnshoreWind_OnWind_501,2025,0.0
Oahu_OnshoreWind_OnWind_501,2030,200.0
Oahu_OnshoreWind_OnWind_501,2035,0.0
Oahu_OnshoreWind_OnWind_501,2040,0.0
Oahu_OnshoreWind_OnWind_501,2045,18.5
Oahu_OnshoreWind_OnWind_501,2050,0.0
Oahu_OnshoreWind_OnWind_502,2020,0.0
Oahu_OnshoreWind_OnWind_502,2023,0.0
Oahu_OnshoreWind_OnWind_502,2025,0.0
Oahu_OnshoreWind_OnWind_502,2030,0.0
Oahu_OnshoreWind_OnWind_502,2035,0.0
Oahu_OnshoreWind_OnWind_502,2040,0.0
Oahu_OnshoreWind_OnWind_502,2045,42.5
Oahu_OnshoreWind_OnWind_502,2050,0.0
Oahu_OnshoreWind_OnWind_503,2020,0.0
Oahu_OnshoreWind_OnWind_503,2023,0.0
Oahu_OnshoreWind_OnWind_503,2025,0.0
Oahu_OnshoreWind_OnWind_503,2030,0.0
Oahu_OnshoreWind_OnWind_503,2035,0.0
Oahu_OnshoreWind_OnWind_503,2040,0.0
Oahu_OnshoreWind_OnWind_503,2045,0.0
Oahu_OnshoreWind_OnWind_503,2050,0.0
Oahu_OnshoreWind_OnWind_504,2020,0.0
Oahu_OnshoreWind_OnWind_504,2023,0.0
Oahu_OnshoreWind_OnWind_504,2025,0.0
Oahu_OnshoreWind_OnWind_504,2030,0.0
Oahu_OnshoreWind_OnWind_504,2035,0.0
Oahu_OnshoreWind_OnWind_504,2040,0.0
Oahu_OnshoreWind_OnWind_504,2045,0.0
Oahu_OnshoreWind_OnWind_504,2050,0.0
Oahu_OnshoreWind_OnWind_505,2020,0.0
Oahu_OnshoreWind_OnWind_505,2023,0.0
Oahu_OnshoreWind_OnWind_505,2025,0.0
Oahu_OnshoreWind_OnWind_505,2030,0.0
Oahu_OnshoreWind_OnWind_505,2035,0.0
Oahu_OnshoreWind_OnWind_505,2040,0.0
Oahu_OnshoreWind_OnWind_505,2045,0.0
Oahu_OnshoreWind_OnWind_505,2050,0.0
Oahu_OnshoreWind_OnWind_506,2020,0.0
Oahu_OnshoreWind_OnWind_506,2023,0.0
Oahu_OnshoreWind_OnWind_506,2025,0.0
Oahu_OnshoreWind_OnWind_506,2030,0.0
Oahu_OnshoreWind_OnWind_506,2035,0.0
Oahu_OnshoreWind_OnWind_506,2040,0.0
Oahu_OnshoreWind_OnWind_506,2045,0.0
Oahu_OnshoreWind_OnWind_506,2050,0.0
Oahu_OnshoreWind_OnWind_507,2020,0.0
Oahu_OnshoreWind_OnWind_507,2023,0.0
Oahu_OnshoreWind_OnWind_507,2025,0.0
Oahu_OnshoreWind_OnWind_507,2030,0.0
Oahu_OnshoreWind_OnWind_507,2035,0.0
Oahu_OnshoreWind_OnWind_507,2040,0.0
Oahu_OnshoreWind_OnWind_507,2045,4.028279380654794
Oahu_OnshoreWind_OnWind_507,2050,0.0
Oahu_OnshoreWind_OnWind_508,2020,0.0
Oahu_OnshoreWind_OnWind_508,2023,0.0
Oahu_OnshoreWind_OnWind_508,2025,0.0
Oahu_OnshoreWind_OnWind_508,2030,0.0
Oahu_OnshoreWind_OnWind_508,2035,0.0
Oahu_OnshoreWind_OnWind_508,2040,0.0
Oahu_OnshoreWind_OnWind_508,2045,2.5
Oahu_OnshoreWind_OnWind_508,2050,0.0
Oahu_OnshoreWind_OnWind_509,2020,0.0
Oahu_OnshoreWind_OnWind_509,2023,0.0
Oahu_OnshoreWind_OnWind_509,2025,0.0
Oahu_OnshoreWind_OnWind_509,2030,0.0
Oahu_OnshoreWind_OnWind_509,2035,0.0
Oahu_OnshoreWind_OnWind_509,2040,0.0
Oahu_OnshoreWind_OnWind_509,2045,0.0
Oahu_OnshoreWind_OnWind_509,2050,0.0
Oahu_OnshoreWind_OnWind_Kahuku,2011,30.0
Oahu_OnshoreWind_OnWind_Kahuku,2020,0.0
Oahu_OnshoreWind_OnWind_Kahuku,2023,0.0
Oahu_OnshoreWind_OnWind_Kahuku,2025,0.0
Oahu_OnshoreWind_OnWind_Kahuku,2030,0.0
Oahu_OnshoreWind_OnWind_Kahuku,2035,0.0
Oahu_OnshoreWind_OnWind_Kahuku,2040,0.0
Oahu_OnshoreWind_OnWind_Kahuku,2045,0.0
Oahu_OnshoreWind_OnWind_Kahuku,2050,0.0
Oahu_OnshoreWind_OnWind_Kawailoa,2012,69.0
Oahu_OnshoreWind_OnWind_Kawailoa,2020,0.0
Oahu_OnshoreWind_OnWind_Kawailoa,2023,0.0
Oahu_OnshoreWind_OnWind_Kawailoa,2025,0.0
Oahu_OnshoreWind_OnWind_Kawailoa,2030,0.0
Oahu_OnshoreWind_OnWind_Kawailoa,2035,0.0
Oahu_OnshoreWind_OnWind_Kawailoa,2040,0.0
Oahu_OnshoreWind_OnWind_Kawailoa,2045,0.0
Oahu_OnshoreWind_OnWind_Kawailoa,2050,0.0
Oahu_SlopedDistPV_Oahu_SlopedDistPV_0,2013,8.39091401082491
Oahu_SlopedDistPV_Oahu_SlopedDistPV_0,2014,8.77693668928902
Oahu_SlopedDistPV_Oahu_SlopedDistPV_0,2015,5.49275613071519
Oahu_SlopedDistPV_Oahu_SlopedDistPV_0,2016,3.16466889341467
Oahu_SlopedDistPV_Oahu_SlopedDistPV_0,2017,4.13749384781026
Oahu_SlopedDistPV_Oahu_SlopedDistPV_0,2018,2.43445261929218
Oahu_SlopedDistPV_Oahu_SlopedDistPV_0,2019,2.0006252747644
Oahu_SlopedDistPV_Oahu_SlopedDistPV_0,2020,1.85004057666386
Oahu_SlopedDistPV_Oahu_SlopedDistPV_0,2023,0.0
Oahu_SlopedDistPV_Oahu_SlopedDistPV_0,2025,0.0
Oahu_SlopedDistPV_Oahu_SlopedDistPV_0,2030,0.0
Oahu_SlopedDistPV_Oahu_SlopedDistPV_0,2035,0.0
Oahu_SlopedDistPV_Oahu_SlopedDistPV_0,2040,0.0
Oahu_SlopedDistPV_Oahu_SlopedDistPV_0,2045,0.0
Oahu_SlopedDistPV_Oahu_SlopedDistPV_0,2050,0.0
Oahu_SlopedDistPV_Oahu_SlopedDistPV_1,2013,11.6756458427475
Oahu_SlopedDistPV_Oahu_SlopedDistPV_1,2014,12.2127820921718
Oahu_SlopedDistPV_Oahu_SlopedDistPV_1,2015,7.64296657075456
Oahu_SlopedDistPV_Oahu_SlopedDistPV_1,2016,4.40351946896389
Oahu_SlopedDistPV_Oahu_SlopedDistPV_1,2017,5.75716933593392
Oahu_SlopedDistPV_Oahu_SlopedDistPV_1,2018,3.38745058847412
Oahu_SlopedDistPV_Oahu_SlopedDistPV_1,2019,2.78379591806856
Oahu_SlopedDistPV_Oahu_SlopedDistPV_1,2020,2.57426289197739
Oahu_SlopedDistPV_Oahu_SlopedDistPV_1,2023,0.0
Oahu_SlopedDistPV_Oahu_SlopedDistPV_1,2025,0.0
Oahu_SlopedDistPV_Oahu_SlopedDistPV_1,2030,0.0
Oahu_SlopedDistPV_Oahu_SlopedDistPV_1,2035,0.0
Oahu_SlopedDistPV_Oahu_SlopedDistPV_1,2040,0.0
Oahu_SlopedDistPV_Oahu_SlopedDistPV_1,2045,0.0
Oahu_SlopedDistPV_Oahu_SlopedDistPV_1,2050,0.0
Oahu_SlopedDistPV_Oahu_SlopedDistPV_10,2020,0.0
Oahu_SlopedDistPV_Oahu_SlopedDistPV_10,2023,0.0
Oahu_SlopedDistPV_Oahu_SlopedDistPV_10,2025,0.0
Oahu_SlopedDistPV_Oahu_SlopedDistPV_10,2030,0.0
Oahu_SlopedDistPV_Oahu_SlopedDistPV_10,2035,0.0
Oahu_SlopedDistPV_Oahu_SlopedDistPV_10,2040,0.0
Oahu_SlopedDistPV_Oahu_SlopedDistPV_10,2045,0.0
Oahu_SlopedDistPV_Oahu_SlopedDistPV_10,2050,0.0
Oahu_SlopedDistPV_Oahu_SlopedDistPV_11,2020,0.0
Oahu_SlopedDistPV_Oahu_SlopedDistPV_11,2023,0.0
Oahu_SlopedDistPV_Oahu_SlopedDistPV_11,2025,0.0
Oahu_SlopedDistPV_Oahu_SlopedDistPV_11,2030,0.0
Oahu_SlopedDistPV_Oahu_SlopedDistPV_11,2035,0.0
Oahu_SlopedDistPV_Oahu_SlopedDistPV_11,2040,0.0
Oahu_SlopedDistPV_Oahu_SlopedDistPV_11,2045,0.0
Oahu_SlopedDistPV_Oahu_SlopedDistPV_11,2050,0.0
Oahu_SlopedDistPV_Oahu_SlopedDistPV_12,2013,3.97336888845038
Oahu_SlopedDistPV_Oahu_SlopedDistPV_12,2014,4.15616309881493
Oahu_SlopedDistPV_Oahu_SlopedDistPV_12,2015,2.6009974948466
Oahu_SlopedDistPV_Oahu_SlopedDistPV_12,2016,1.49857296918055
Oahu_SlopedDistPV_Oahu_SlopedDistPV_12,2017,1.95923701635312
Oahu_SlopedDistPV_Oahu_SlopedDistPV_12,2018,1.15279197062718
Oahu_SlopedDistPV_Oahu_SlopedDistPV_12,2019,0.947360706347518
Oahu_SlopedDistPV_Oahu_SlopedDistPV_12,2020,0.876053986514912
Oahu_SlopedDistPV_Oahu_SlopedDistPV_12,2023,0.0
Oahu_SlopedDistPV_Oahu_SlopedDistPV_12,2025,0.0
Oahu_SlopedDistPV_Oahu_SlopedDistPV_12,2030,0.0
Oahu_SlopedDistPV_Oahu_SlopedDistPV_12,2035,0.0
Oahu_SlopedDistPV_Oahu_SlopedDistPV_12,2040,0.0
Oahu_SlopedDistPV_Oahu_SlopedDistPV_12,2045,0.0
Oahu_SlopedDistPV_Oahu_SlopedDistPV_12,2050,32.26850370607872
Oahu_SlopedDistPV_Oahu_SlopedDistPV_13,2020,0.0
Oahu_SlopedDistPV_Oahu_SlopedDistPV_13,2023,0.0
Oahu_SlopedDistPV_Oahu_SlopedDistPV_13,2025,0.0
Oahu_SlopedDistPV_Oahu_SlopedDistPV_13,2030,0.0
Oahu_SlopedDistPV_Oahu_SlopedDistPV_13,2035,0.0
Oahu_SlopedDistPV_Oahu_SlopedDistPV_13,2040,0.0
Oahu_SlopedDistPV_Oahu_SlopedDistPV_13,2045,0.0
Oahu_SlopedDistPV_Oahu_SlopedDistPV_13,2050,0.0
Oahu_SlopedDistPV_Oahu_SlopedDistPV_14,2020,0.0
Oahu_SlopedDistPV_Oahu_SlopedDistPV_14,2023,0.0
Oahu_SlopedDistPV_Oahu_SlopedDistPV_14,2025,0.0
Oahu_SlopedDistPV_Oahu_SlopedDistPV_14,2030,0.0
Oahu_SlopedDistPV_Oahu_SlopedDistPV_14,2035,0.0
Oahu_SlopedDistPV_Oahu_SlopedDistPV_14,2040,0.0
Oahu_SlopedDistPV_Oahu_SlopedDistPV_14,2045,0.0
Oahu_SlopedDistPV_Oahu_SlopedDistPV_14,2050,0.0
Oahu_SlopedDistPV_Oahu_SlopedDistPV_15,2020,0.0
Oahu_SlopedDistPV_Oahu_SlopedDistPV_15,2023,0.0
Oahu_SlopedDistPV_Oahu_SlopedDistPV_15,2025,0.0
Oahu_SlopedDistPV_Oahu_SlopedDistPV_15,2030,0.0
Oahu_SlopedDistPV_Oahu_SlopedDistPV_15,2035,0.0
Oahu_SlopedDistPV_Oahu_SlopedDistPV_15,2040,0.0
Oahu_SlopedDistPV_Oahu_SlopedDistPV_15,2045,0.0
Oahu_SlopedDistPV_Oahu_SlopedDistPV_15,2050,0.0
Oahu_SlopedDistPV_Oahu_SlopedDistPV_2,2020,0.0
Oahu_SlopedDistPV_Oahu_SlopedDistPV_2,2023,0.0
Oahu_SlopedDistPV_Oahu_SlopedDistPV_2,2025,0.0
Oahu_SlopedDistPV_Oahu_SlopedDistPV_2,2030,0.0
Oahu_SlopedDistPV_Oahu_SlopedDistPV_2,2035,0.0
Oahu_SlopedDistPV_Oahu_SlopedDistPV_2,2040,0.0
Oahu_SlopedDistPV_Oahu_SlopedDistPV_2,2045,0.0
Oahu_SlopedDistPV_Oahu_SlopedDistPV_2,2050,0.0
Oahu_SlopedDistPV_Oahu_SlopedDistPV_3,2013,9.36597063416423
Oahu_SlopedDistPV_Oahu_SlopedDistPV_3,2014,9.79685063912579
Oahu_SlopedDistPV_Oahu_SlopedDistPV_3,2015,6.13103561239408
Oahu_SlopedDistPV_Oahu_SlopedDistPV_3,2016,3.53241564439067
Oahu_SlopedDistPV_Oahu_SlopedDistPV_3,2017,4.61828661664672
Oahu_SlopedDistPV_Oahu_SlopedDistPV_3,2018,2.71734541828694
Oahu_SlopedDistPV_Oahu_SlopedDistPV_3,2019,2.23310566038896
Oahu_SlopedDistPV_Oahu_SlopedDistPV_3,2020,2.06502243863926
Oahu_SlopedDistPV_Oahu_SlopedDistPV_3,2023,0.0
Oahu_SlopedDistPV_Oahu_SlopedDistPV_3,2025,0.0
Oahu_SlopedDistPV_Oahu_SlopedDistPV_3,2030,0.0
Oahu_SlopedDistPV_Oahu_SlopedDistPV_3,2035,0.0
Oahu_SlopedDistPV_Oahu_SlopedDistPV_3,2040,0.0
Oahu_SlopedDistPV_Oahu_SlopedDistPV_3,2045,143.76384736109142
Oahu_SlopedDistPV_Oahu_SlopedDistPV_3,2050,15.166175778352567
Oahu_SlopedDistPV_Oahu_SlopedDistPV_4,2020,0.0
Oahu_SlopedDistPV_Oahu_SlopedDistPV_4,2023,0.0
Oahu_SlopedDistPV_Oahu_SlopedDistPV_4,2025,0.0
Oahu_SlopedDistPV_Oahu_SlopedDistPV_4,2030,0.0
Oahu_SlopedDistPV_Oahu_SlopedDistPV_4,2035,0.0
Oahu_SlopedDistPV_Oahu_SlopedDistPV_4,2040,0.0
Oahu_SlopedDistPV_Oahu_SlopedDistPV_4,2045,0.0
Oahu_SlopedDistPV_Oahu_SlopedDistPV_4,2050,0.0
Oahu_SlopedDistPV_Oahu_SlopedDistPV_5,2013,9.18499126127487
Oahu_SlopedDistPV_Oahu_SlopedDistPV_5,2014,9.60754533867008
Oahu_SlopedDistPV_Oahu_SlopedDistPV_5,2015,6.01256513841608
Oahu_SlopedDistPV_Oahu_SlopedDistPV_5,2016,3.46415850446601
Oahu_SlopedDistPV_Oahu_SlopedDistPV_5,2017,4.52904710818026
Oahu_SlopedDistPV_Oahu_SlopedDistPV_5,2018,2.66483794320139
Oahu_SlopedDistPV_Oahu_SlopedDistPV_5,2019,2.18995518749097
Oahu_SlopedDistPV_Oahu_SlopedDistPV_5,2020,2.02511985079811
Oahu_SlopedDistPV_Oahu_SlopedDistPV_5,2023,0.0
Oahu_SlopedDistPV_Oahu_SlopedDistPV_5,2025,0.0
Oahu_SlopedDistPV_Oahu_SlopedDistPV_5,2030,0.0
Oahu_SlopedDistPV_Oahu_SlopedDistPV_5,2035,0.0
Oahu_SlopedDistPV_Oahu_SlopedDistPV_5,2040,0.0
Oahu_SlopedDistPV_Oahu_SlopedDistPV_5,2045,110.3215800400057
Oahu_SlopedDistPV_Oahu_SlopedDistPV_5,2050,45.53742600526229
Oahu_SlopedDistPV_Oahu_SlopedDistPV_6,2013,7.69410920975589
Oahu_SlopedDistPV_Oahu_SlopedDistPV_6,2014,8.04807549301342
Oahu_SlopedDistPV_Oahu_SlopedDistPV_6,2015,5.03662240820938
Oahu_SlopedDistPV_Oahu_SlopedDistPV_6,2016,2.90186600020418
Oahu_SlopedDistPV_Oahu_SlopedDistPV_6,2017,3.79390486884701
Oahu_SlopedDistPV_Oahu_SlopedDistPV_6,2018,2.23228891329907
Oahu_SlopedDistPV_Oahu_SlopedDistPV_6,2019,1.83448779620158
Oahu_SlopedDistPV_Oahu_SlopedDistPV_6,2020,1.69640806960577
Oahu_SlopedDistPV_Oahu_SlopedDistPV_6,2023,0.0
Oahu_SlopedDistPV_Oahu_SlopedDistPV_6,2025,0.0
Oahu_SlopedDistPV_Oahu_SlopedDistPV_6,2030,0.0
Oahu_SlopedDistPV_Oahu_SlopedDistPV_6,2035,0.0
Oahu_SlopedDistPV_Oahu_SlopedDistPV_6,2040,97.3226460343117
Oahu_SlopedDistPV_Oahu_SlopedDistPV_6,2045,20.77880711097869
Oahu_SlopedDistPV_Oahu_SlopedDistPV_6,2050,12.458955648157612
Oahu_SlopedDistPV_Oahu_SlopedDistPV_7,2013,7.32692964103336
Oahu_SlopedDistPV_Oahu_SlopedDistPV_7,2014,7.66400388602037
Oahu_SlopedDistPV_Oahu_SlopedDistPV_7,2015,4.79626386984608
Oahu_SlopedDistPV_Oahu_SlopedDistPV_7,2016,2.76338266478512
Oahu_SlopedDistPV_Oahu_SlopedDistPV_7,2017,3.61285150509294
Oahu_SlopedDistPV_Oahu_SlopedDistPV_7,2018,2.12575924779732
Oahu_SlopedDistPV_Oahu_SlopedDistPV_7,2019,1.74694206225464
Oahu_SlopedDistPV_Oahu_SlopedDistPV_7,2020,1.6154517995043
Oahu_SlopedDistPV_Oahu_SlopedDistPV_7,2023,0.0
Oahu_SlopedDistPV_Oahu_SlopedDistPV_7,2025,0.0
Oahu_SlopedDistPV_Oahu_SlopedDistPV_7,2030,0.0
Oahu_SlopedDistPV_Oahu_SlopedDistPV_7,2035,0.0
Oahu_SlopedDistPV_Oahu_SlopedDistPV_7,2040,0.0
Oahu_SlopedDistPV_Oahu_SlopedDistPV_7,2045,0.0
Oahu_SlopedDistPV_Oahu_SlopedDistPV_7,2050,0.0
Oahu_SlopedDistPV_Oahu_SlopedDistPV_8,2013,5.10036148747868
Oahu_SlopedDistPV_Oahu_SlopedDistPV_8,2014,5.3350028149898
Oahu_SlopedDistPV_Oahu_SlopedDistPV_8,2015,3.33873542179918
Oahu_SlopedDistPV_Oahu_SlopedDistPV_8,2016,1.92362301934817
Oahu_SlopedDistPV_Oahu_SlopedDistPV_8,2017,2.51494822242575
Oahu_SlopedDistPV_Oahu_SlopedDistPV_8,2018,1.47976589517079
Oahu_SlopedDistPV_Oahu_SlopedDistPV_8,2019,1.21606681812267
Oahu_SlopedDistPV_Oahu_SlopedDistPV_8,2020,1.12453490708119
Oahu_SlopedDistPV_Oahu_SlopedDistPV_8,2023,0.0
Oahu_SlopedDistPV_Oahu_SlopedDistPV_8,2025,0.0
Oahu_SlopedDistPV_Oahu_SlopedDistPV_8,2030,0.0
Oahu_SlopedDistPV_Oahu_SlopedDistPV_8,2035,0.0
Oahu_SlopedDistPV_Oahu_SlopedDistPV_8,2040,0.0
Oahu_SlopedDistPV_Oahu_SlopedDistPV_8,2045,78.28847847308084
Oahu_SlopedDistPV_Oahu_SlopedDistPV_8,2050,8.258938862148554
Oahu_SlopedDistPV_Oahu_SlopedDistPV_9,2013,7.49770902426989
Oahu_SlopedDistPV_Oahu_SlopedDistPV_9,2014,7.84263994790459
Oahu_SlopedDistPV_Oahu_SlopedDistPV_9,2015,4.90805735301872
Oahu_SlopedDistPV_Oahu_SlopedDistPV_9,2016,2.82779283524664
Oahu_SlopedDistPV_Oahu_SlopedDistPV_9,2017,3.69706147870992
Oahu_SlopedDistPV_Oahu_SlopedDistPV_9,2018,2.17530740385099
Oahu_SlopedDistPV_Oahu_SlopedDistPV_9,2019,1.7876605763606
Oahu_SlopedDistPV_Oahu_SlopedDistPV_9,2020,1.65310547921518
Oahu_SlopedDistPV_Oahu_SlopedDistPV_9,2023,0.0
Oahu_SlopedDistPV_Oahu_SlopedDistPV_9,2025,0.0
Oahu_SlopedDistPV_Oahu_SlopedDistPV_9,2030,0.0
Oahu_SlopedDistPV_Oahu_SlopedDistPV_9,2035,0.0
Oahu_SlopedDistPV_Oahu_SlopedDistPV_9,2040,0.0
Oahu_SlopedDistPV_Oahu_SlopedDistPV_9,2045,0.0
Oahu_SlopedDistPV_Oahu_SlopedDistPV_9,2050,0.0
Oahu_Tesoro_Hawaii,1990,20.0
Oahu_Waiau_10,1973,49.9
Oahu_Waiau_3,1947,46.6
Oahu_Waiau_4,1950,46.6
Oahu_Waiau_5,1959,54.5
Oahu_Waiau_6,1961,53.5
Oahu_Waiau_7,1966,82.9
Oahu_Waiau_8,1968,86.1
Oahu_Waiau_9,1973,52.9
